id,Team,Name,Position,Age,Height,Weight,Salary,ContractYears,Health,POT,Intangibles,SPD,AGI,STR,VERT,STA,HUS,DUR,CLOSE,MID,3C,3_45,3T,FT,SIQ,OCON,LAY,DNK,POST,DRAW,HANDS,PACC,HANDL,SPWB,PIQ,PVIS,IDEF,PDEF,LOCK,STL,BLK,HDEF,PPER,DCON,OREB,DREB
00117d45-b3e4-4e77-b290-0e4d77283410,시카고 불스,패트릭 윌리엄스,PF,24,201,102,18,4,Healthy,83,70,70,74,64,77,88,76,81,49,73,83,83,83,66,60,55,68,65,40,45,80,60,70,64,62,35,70,76,70,59,53,80,65,65,45,55
005e6c0e-f634-4e9f-a0ee-6440bc94b926,시카고 불스,케빈 허더,SG,27,201,90,18,1,Healthy,81,75,84,73,50,75,85,80,83,95,79,77,77,77,75,55,65,85,50,35,50,90,74,79,72,76,55,44,64,54,43,62,58,57,50,36,62
0386875c-34d1-455a-b73c-64cd3c740281,미네소타 팀버울브스,돈테 디빈첸조,PG,29,193,92,12,2,Healthy,81,80,87,87,60,95,90,85,81,85,81,80,80,80,76,80,70,80,45,38,52,70,77,79,81,79,65,58,82,72,59,52,84,88,80,43,55
042ae756-0eba-4a6d-9f52-33d023244afa,인디애나 페이서스,캠 존스,SG,23,193,91,0.67,4,Healthy,80,40,76,76,52,60,88,85,80,76,74,74,74,74,66,50,40,76,50,40,40,89,78,92,76,79,77,30,60,40,42,35,58,57,40,42,49
046cd445-5e8b-4967-a7c6-6d6ac483dc0e,댈러스 매버릭스,브랜던 윌리엄스,PG,26,188,86,2.27,1,Healthy,76,90,79,79,62,68,89,70,81,78,95,70,70,71,81,80,75,84,50,50,66,90,80,82,77,80,73,33,62,54,76,45,57,52,45,37,50
04bb98e7-8673-44af-8702-240a9aa3c84e,뉴욕 닉스,게르숑 야부셀레,PF,29,203,118,5.5,2,Healthy,82,70,62,60,74,70,80,85,84,77,67,75,75,75,74,70,65,80,80,62,45,80,62,66,54,66,43,62,66,55,43,52,52,41,40,58,66
056a234e-720d-4748-ab63-5f374d644fe0,피닉스 선즈,데빈 부커,SG,29,198,93,53.1,5,Healthy,92,95,83,80,59,79,95,95,81,97,96,84,84,85,86,95,98,95,75,79,87,98,80,93,83,80,74,58,75,60,41,50,74,74,65,38,52
05bebe23-72f9-4490-b266-fe5d37269be5,오클라호마시티 썬더,에이제이 미첼,PG,23,196,86,3,3,Healthy,86,70,83,80,53,65,87,75,80,97,67,79,79,79,89,75,80,89,65,38,79,80,74,82,79,75,69,43,77,55,83,52,78,75,75,38,53
08866c8f-e11b-4c7d-bd1b-7d391d36c9d5,LA 레이커스,브로니 제임스,SG,21,188,95,1.95,3,Healthy,82,75,87,87,60,90,90,90,80,69,63,70,70,70,73,50,30,68,60,37,37,85,67,70,84,65,41,47,72,61,57,44,70,60,65,48,50
088f0b7f-38d7-4f38-a9d8-a43006f0c763,보스턴 셀틱스,제일런 브라운,SF,28,198,101,53.2,4,Healthy,96,95,79,88,69,84,95,95,82,96,97,81,81,81,78,95,98,94,89,80,85,95,78,86,78,84,72,70,89,75,46,52,86,87,85,45,67
08db6187-5a94-4f16-b64d-99d3953ed725,샌안토니오 스퍼스,빅터 웸반야마,C,21,224,105,13.37,2,Healthy,99,98,66,69,59,72,97,90,88,89,79,80,80,80,84,98,85,86,90,87,94,98,72,70,64,75,68,96,80,85,41,99,96,78,98,62,98
094e2c90-6751-4837-b1d8-3941a729b1a0,클리블랜드 캐벌리어스,재럿 앨런,C,27,211,110,20,4,Healthy,88,50,75,72,84,79,90,90,82,87,90,63,63,63,77,90,70,80,90,84,60,95,25,35,35,48,44,88,72,61,53,67,88,67,85,65,85
09fe6281-e569-43b1-9be1-cd4f28eb8070,골든스테이트 워리어스,개리 페이튼 2세,SG,33,188,88,2.29,1,Healthy,80,35,81,83,48,85,85,80,83,66,75,68,68,68,71,50,45,85,65,42,37,89,60,70,81,67,70,79,83,80,66,66,76,91,80,68,69
0a1fc683-d177-4a1e-b91d-3d14c16955dc,새크라멘토 킹스,잭 라빈,SG,30,196,91,47.5,2,Healthy,87,60,84,82,49,97,98,65,83,98,78,85,85,85,88,70,85,87,94,59,80,80,70,88,81,67,42,47,61,45,38,37,57,38,40,29,48
0a31fa2b-18e6-4e43-8ac3-07126ca1c749,피닉스 선즈,로이스 오닐,PF,32,198,102,10.2,3,Healthy,80,60,62,83,67,65,80,80,82,75,70,85,85,85,73,75,60,80,70,54,59,75,60,68,62,63,47,68,80,59,50,50,80,68,75,38,67
0afe6175-59ce-4e39-b4e3-b0b5517ec6d7,골든스테이트 워리어스,알 호포드,C,39,206,109,5.68,2,Healthy,84,40,53,67,91,69,95,85,78,89,68,78,78,78,90,65,30,65,65,79,37,84,79,50,33,84,43,82,68,72,63,81,85,78,85,50,65
0b8164da-a827-40e2-8dd6-5b2dedfd3776,올랜도 매직,제이스 리차드슨,SG,21,196,91,2.98,4,Healthy,86,70,81,84,57,80,85,85,80,86,79,83,83,83,74,70,70,70,75,38,54,80,70,79,80,72,65,33,67,55,42,32,64,60,55,50,44
0c2d7c50-b9fd-4f59-9f98-d60e8d4e21ce,LA 클리퍼스,카와이 레너드,SF,34,201,102,50,2,Healthy,92,80,84,89,79,79,85,85,82,98,96,81,81,81,96,90,95,90,80,88,80,98,79,86,83,82,68,81,89,88,96,58,91,90,90,42,69
0d700fbe-5dbd-4764-b424-c594a3c3e937,브루클린 네츠,벤 사라프,PG,19,198,91,2.88,4,Healthy,84,65,83,79,52,67,80,70,80,82,78,69,69,69,75,70,60,71,60,48,67,80,84,76,83,83,81,40,62,45,64,37,60,57,45,38,46
0e13e9e3-3e35-49d3-b4c0-8c3aedf97c3c,보스턴 셀틱스,제이슨 테이텀,PF,27,203,95,54.1,5,Injured,98,95,82,88,71,83,95,98,83,90,85,85,85,85,81,90,98,96,89,88,88,98,78,86,79,84,73,81,87,82,43,52,89,84,85,35,85
0ee8d8cb-186a-4ffb-af6f-34a423573bb8,애틀랜타 호크스,트레이 영,PG,27,185,74,46,2,Healthy,85,75,84,84,50,78,95,75,86,90,87,83,84,87,86,70,95,94,25,34,94,80,92,96,84,92,92,31,55,20,49,32,58,70,30,25,39
10902bc6-3746-47f3-bcdf-581c74fc40d6,샬럿 호네츠,트레 맨,PG,24,191,81,8,3,Healthy,84,50,74,74,53,68,88,75,80,63,82,75,75,75,84,70,75,87,35,45,45,85,77,83,73,75,70,49,62,45,41,40,60,59,40,48,56
10ae166d-2233-463b-874c-748006106a73,올랜도 매직,앤서니 블랙,PG,22,201,91,7.97,2,Healthy,85,90,75,85,58,75,92,90,80,84,67,80,80,80,72,85,80,88,75,52,74,85,80,86,74,77,67,63,84,80,63,61,84,82,80,39,55
1160311b-265b-4696-8d5f-5ec236b9f734,보스턴 셀틱스,자비에 틸먼,PF,26,201,111,2.54,2,Healthy,79,50,46,67,72,69,82,85,80,86,68,62,62,62,45,60,45,73,75,70,46,95,62,61,37,68,29,74,66,60,49,57,75,74,65,51,72
11b93dfa-edf3-409c-8b85-59a305c565b0,뉴올리언스 펠리컨스,마이카 피비,SF,24,201,95,1.27,4,Healthy,79,50,85,82,53,78,85,75,80,68,75,74,75,72,66,60,50,79,75,51,42,85,75,76,70,75,36,59,56,71,53,40,70,55,50,56,48
121a72e7-14c2-41f7-9f32-2bf56b30f569,워싱턴 위저즈,트레 존슨,SG,19,198,88,8.23,4,Healthy,87,70,77,82,54,86,86,80,80,88,98,85,85,85,90,65,65,80,75,75,55,95,66,86,76,67,40,41,62,55,38,53,60,62,55,35,51
1258f5e6-e703-493f-aaf5-b1427c7c8844,시카고 불스,니콜라 부셰비치,C,35,208,118,21.5,1,Healthy,88,80,62,49,87,45,88,70,77,97,94,82,82,82,78,80,85,70,70,87,50,80,77,35,32,76,65,68,41,35,38,52,67,57,45,60,84
1393bcc2-72ce-49e8-94d0-ec42d5c92bf7,포틀랜드 트레일블레이저스,시디 시소코,SF,21,198,102,0.67,1,Healthy,80,75,74,75,58,80,89,80,80,78,67,76,76,76,71,75,65,78,70,47,40,85,61,68,66,60,40,59,66,55,41,51,68,54,50,47,43
14def18b-c3d0-4700-9e38-62e26b2d6b8c,뉴욕 닉스,케빈 맥컬러 주니어,SG,24,198,95,0.67,1,Healthy,79,40,75,82,55,75,90,80,80,76,75,74,74,74,79,50,40,76,60,60,45,85,68,66,68,67,33,52,72,60,56,63,70,68,50,74,55
158331c4-d8c9-4c02-9ce5-2b965d9ea508,LA 레이커스,게이브 빈센트,PG,29,191,91,11.5,1,Healthy,81,70,73,73,40,66,85,69,82,93,88,80,80,80,78,70,60,80,45,26,37,90,78,82,70,79,35,37,60,38,32,32,60,57,45,33,32
1764db62-2355-4358-868b-4f3f875b0802,보스턴 셀틱스,조쉬 마이낫,PF,22,203,93,2.37,2,Healthy,80,70,72,76,62,80,90,85,80,69,85,85,85,85,77,70,55,75,80,52,59,85,62,63,68,60,37,59,67,50,63,63,67,79,65,67,68
179d1318-1666-451e-9865-5cf3af27ff18,새크라멘토 킹스,말릭 몽크,SG,27,191,91,18.8,3,Healthy,81,50,80,80,48,88,88,72,80,82,83,86,86,86,82,70,70,82,70,45,44,95,75,79,76,75,61,45,60,45,46,57,54,57,45,33,46
189fc412-9e39-400b-861d-56b8bf276dcf,밀워키 벅스,AJ 그린,SF,26,193,86,2.31,5,Healthy,84,65,69,69,42,75,80,70,80,82,80,88,88,88,79,70,70,74,40,34,40,80,69,73,68,69,38,40,63,45,38,32,50,60,45,29,48
18b6c0cd-2625-4dd1-8eaa-84249f365e9e,LA 클리퍼스,야닉 코난 니더하우저,C,22,213,115,2.74,4,Healthy,84,40,73,64,64,90,85,85,80,87,62,40,40,40,57,50,35,70,80,55,47,80,29,44,41,40,31,70,48,40,32,83,69,45,50,84,66
19e9734e-9236-4ed4-9ee7-72e54afe167e,댈러스 매버릭스,맥스 크리스티,SG,23,198,86,7.71,3,Healthy,77,75,87,87,55,82,98,85,80,75,92,90,91,90,86,75,67,74,80,42,41,90,68,70,78,66,40,44,80,76,35,51,77,75,75,29,53
1a04049d-55a3-4609-9055-8e2e3db2a455,애틀랜타 호크스,에이사 뉴웰,PF,19,206,95,3.23,4,Healthy,82,70,75,70,67,75,85,90,80,85,67,86,85,85,75,70,60,73,80,60,51,75,54,69,69,55,33,70,68,82,46,63,67,69,60,66,53
1cd05ce7-20b1-42bb-a6dc-59a920eb0784,올랜도 매직,파올로 반케로,PF,23,208,113,15.3,6,Healthy,91,80,80,80,77,83,90,85,80,88,73,74,74,74,72,90,85,90,85,85,89,95,74,76,74,78,70,68,66,65,36,60,64,67,45,39,86
1d10bff7-5ae2-46df-8d7e-bf9168a0521d,뉴욕 닉스,타일러 콜렉,PG,24,190,88,2.19,3,Healthy,80,75,74,84,54,74,90,90,80,88,82,79,79,79,83,75,75,82,45,42,45,85,79,77,74,79,74,32,73,45,49,42,58,57,50,37,57
1d919b19-3fe2-49fe-9940-9af365dabb70,워싱턴 위저즈,CJ 맥컬럼,PG,34,191,86,30.6,1,Healthy,86,75,82,84,60,80,98,95,80,91,89,85,85,85,80,75,90,80,40,32,52,91,72,86,82,79,66,35,70,65,38,42,70,50,65,35,48
1dc6ddb2-8f44-4d60-af7b-016ded73cb8b,유타 재즈,라우리 마카넨,PF,28,213,109,46.4,4,Healthy,90,80,63,65,61,62,85,85,80,97,74,82,82,82,90,90,90,80,80,86,85,95,67,65,42,75,39,66,65,65,41,51,66,64,65,55,64
1edbfebc-acd8-49ed-ae7f-7ed58663af88,올랜도 매직,노아 펜다,SF,20,201,95,1.27,4,Healthy,84,70,66,84,70,67,85,85,80,59,68,82,82,82,73,60,60,73,75,52,57,80,67,69,62,68,55,73,73,70,41,62,70,70,65,88,79
1f0047ea-28a0-4531-9af8-2f09dfc9e1fd,샌안토니오 스퍼스,해리슨 반즈,PF,33,203,102,19,1,Healthy,80,75,77,75,70,95,92,75,82,87,77,82,84,80,89,60,70,86,70,79,40,75,62,78,73,67,38,67,72,60,42,35,65,65,60,41,47
1fbbe84c-994b-4230-b5ed-911ef2462a6d,덴버 너게츠,제일런 피켓,PG,26,193,95,2.21,2,Healthy,80,80,72,72,59,67,88,70,79,92,72,81,81,80,76,80,65,75,35,58,50,81,72,75,72,74,66,47,62,45,37,51,62,55,45,41,56
2074b865-09a8-4d8a-913f-22b2ab9ef421,오클라호마시티 썬더,아이재아 조,SG,26,191,75,12.3,3,Healthy,81,60,72,77,47,79,80,75,87,92,80,86,86,86,93,80,90,81,55,30,85,85,67,74,63,69,39,42,69,50,40,42,61,52,55,38,52
20b0a3d4-ad6c-4465-bf72-57efda75a0d6,마이애미 히트,시모네 폰테키오,SF,30,203,95,8.31,1,Healthy,83,75,55,65,62,55,80,95,80,84,83,84,80,80,80,75,60,79,60,50,67,69,55,58,52,60,44,51,65,65,40,45,64,47,45,40,61
20fcb46d-4aef-463d-a94d-c47daee5dd1e,미네소타 팀버울브스,마이크 콘리,PG,38,185,79,10.7,1,Healthy,84,60,83,84,40,92,85,80,82,53,70,79,79,79,94,70,40,72,30,40,60,84,82,82,83,83,70,31,83,65,46,51,83,80,80,36,45
21372e58-6d6a-484c-ab4b-9f92f8bdedb8,LA 레이커스,마커스 스마트,SG,31,191,100,5.1,2,Healthy,83,40,75,89,73,83,89,90,83,92,87,72,72,72,94,50,30,70,50,78,27,70,75,74,74,75,59,74,86,85,87,52,86,85,85,38,47
2445aa1e-d2d9-4731-8ac5-9d3f61a165e3,필라델피아 세븐티식서스,카일 라우리,PG,39,183,89,2.29,1,Healthy,82,50,84,84,67,72,96,97,79,67,85,75,75,75,82,60,45,70,25,40,45,95,75,79,84,80,67,60,80,70,76,56,80,80,80,34,48
2497f560-4312-4839-a3ec-d279c8c4ee76,미네소타 팀버울브스,조 잉글스,SF,38,206,100,2.29,1,Healthy,82,40,66,80,64,60,92,70,80,64,65,86,86,86,86,60,35,80,40,48,40,70,75,70,60,75,71,58,80,71,53,35,78,78,75,34,56
2591158c-5493-4846-be29-46f5e294cf95,피닉스 선즈,아이재아 리버스,SF,27,198,104,0.67,1,Healthy,78,50,73,74,55,71,85,66,82,78,86,74,74,74,82,70,50,76,55,35,44,80,68,70,70,65,32,37,65,55,42,40,60,60,55,40,46
268e5197-b966-4e12-b8e5-dbc2319c5e1b,유타 재즈,에이스 베일리,SF,19,203,91,9.07,4,Healthy,89,70,85,84,61,79,88,80,80,91,76,79,79,79,67,70,60,74,75,60,59,80,66,75,79,66,38,59,68,67,43,55,67,68,60,57,46
26aac157-cc9e-4bc6-9d54-0d08bdbbc5e8,오클라호마시티 썬더,제일런 윌리엄스,SF,24,198,96,6.58,6,Healthy,93,70,87,92,68,83,90,90,80,90,79,79,79,79,86,70,75,88,80,66,54,87,78,86,83,78,73,85,92,90,73,53,92,90,95,41,65
26b0f394-4936-44ea-ae1e-367827f3844c,디트로이트 피스톤즈,폴 리드,C,26,206,100,5.33,2,Healthy,80,50,49,52,84,65,80,80,80,92,85,76,76,76,63,60,40,69,75,70,64,75,48,52,41,44,56,69,43,45,89,89,66,58,40,95,81
273ae5d9-a904-49bf-a368-25ef9c6cb85b,샬럿 호네츠,라멜로 볼,PG,24,201,82,38,4,Healthy,92,70,84,84,50,79,93,89,69,83,76,80,80,80,87,75,80,84,50,52,70,98,93,88,84,93,95,45,70,45,63,45,79,89,75,42,68
28643b17-23ce-4b54-88f4-6936d7f86391,마이애미 히트,자미르 영,PG,25,185,84,0.67,1,Healthy,77,40,80,78,51,75,84,71,80,74,81,72,72,72,83,50,50,76,25,25,50,75,75,80,80,75,74,27,64,45,60,50,58,57,40,38,56
2989faff-d50b-4600-b304-6ad9816c9c5f,골든스테이트 워리어스,모세스 무디,SG,23,198,96,11.5,3,Healthy,81,85,73,77,68,70,88,80,80,75,58,80,81,81,81,70,70,84,70,48,70,80,65,74,70,64,37,68,71,70,53,63,69,60,65,44,52
29b2b21c-8fc7-4de6-bb31-a6e2d21e3074,필라델피아 세븐티식서스,트렌던 왓포드,PF,25,203,107,2.46,2,Healthy,80,75,63,63,79,80,85,80,80,95,68,76,76,76,80,70,70,79,75,69,66,75,69,50,57,75,72,66,52,45,37,50,52,50,40,58,69
2b20b0d2-a986-4682-b4ad-9a95377037fd,샌안토니오 스퍼스,디애런 팍스,PG,27,191,84,37.1,5,Healthy,88,85,98,93,46,84,96,90,82,96,92,80,82,82,80,70,95,97,70,30,78,90,85,86,97,85,73,34,75,84,63,45,82,82,80,39,50
2b94c9df-0257-4b61-bbf7-adb08aac7e93,포틀랜드 트레일블레이저스,데니 아브디야,SF,25,206,95,14.4,3,Healthy,89,95,75,81,65,79,89,95,84,85,83,80,80,80,79,95,90,90,75,59,80,85,79,78,69,79,77,62,80,70,38,56,78,77,80,41,74
2bcaa86b-06e0-4f2e-8ef7-7aa6380e1219,미네소타 팀버울브스,본즈 하일랜드,SG,25,188,78,2.29,1,Healthy,85,40,87,87,32,68,88,85,80,91,79,78,78,78,77,75,75,82,55,32,69,85,74,79,84,75,71,30,66,40,56,53,64,63,55,34,47
2bf1d94a-3d78-4311-94bd-a0170f5b7b19,LA 클리퍼스,타이타이 워싱턴 주니어,PG,24,191,89,0.67,1,Healthy,80,40,80,80,54,79,95,85,80,78,77,70,75,75,60,75,60,76,75,26,50,80,68,86,80,69,60,55,66,55,49,37,62,70,40,27,52
2c3a36b5-2c33-4426-8a0f-369d9f33ce47,마이애미 히트,하이메 하케즈 주니어,SF,24,198,102,3.86,2,Healthy,86,90,67,75,68,82,88,90,80,93,91,71,71,71,75,90,75,85,88,63,45,80,70,73,64,74,71,68,72,68,41,40,75,72,75,47,62
2d4dfc76-b897-40a1-859d-d8f878085f04,미네소타 팀버울브스,테렌스 섀넌 주니어,SG,25,198,102,2.67,3,Healthy,83,45,89,87,58,83,90,75,80,70,76,83,83,83,78,70,65,80,65,48,49,85,68,79,86,68,63,49,72,50,38,57,62,57,50,39,55
2f4b9604-386d-40e9-bbf4-bde0cd29756e,휴스턴 로케츠,조쉬 오코기,SG,27,193,95,2.29,1,Healthy,81,75,89,84,58,92,80,95,82,65,70,84,85,85,73,70,70,77,70,42,49,70,69,76,81,62,31,50,77,77,76,47,78,77,70,58,47
2f6ea6ca-e2c2-4dfb-bcd0-593fa128e157,멤피스 그리즐리스,자렌 잭슨 주니어,PF,26,208,110,35,5,Healthy,91,75,63,80,82,75,90,80,94,98,66,79,78,76,75,75,75,82,85,85,70,80,46,60,33,50,40,93,80,85,42,82,95,71,95,40,66
2f85e2b7-6b5e-42ac-b553-21a233a8f5fa,마이애미 히트,카스파라스 야쿠쵸니스,PG,19,198,90,3.65,4,Healthy,89,45,82,82,60,75,95,85,80,78,71,83,83,83,85,60,50,78,70,52,73,80,82,86,82,82,67,58,66,45,66,25,65,58,60,50,45
30cbc837-e449-41a3-863f-c5935eca15d4,피닉스 선즈,카만 말루아치,C,19,218,113,6.01,4,Healthy,86,40,48,63,70,65,85,85,80,70,66,50,50,50,76,50,30,71,80,60,40,85,51,44,37,51,30,81,63,55,83,85,82,57,75,72,65
31a144d4-a964-4411-9827-c72f86bac84b,뉴올리언스 펠리컨스,디안드레 조던,C,37,211,120,2.26,1,Healthy,79,60,65,62,85,83,92,80,94,75,25,25,25,25,41,70,25,57,75,52,44,90,25,30,33,66,39,70,57,30,38,72,67,55,55,89,92
32f9a3ad-4077-45c6-8701-3f4fabf430eb,필라델피아 세븐티식서스,저스틴 에드워즈,SF,21,201,92,2.04,3,Healthy,80,65,82,82,59,81,85,80,80,70,86,76,76,76,70,70,70,79,80,40,44,75,65,70,79,65,37,50,68,50,56,53,58,54,50,42,46
33486307-ac83-4bc1-a5d6-8c363704da85,오클라호마시티 썬더,제일린 윌리엄스,PF,23,206,109,8.45,3,Healthy,80,85,50,57,60,62,78,90,80,89,84,71,70,70,66,75,75,69,70,62,40,75,70,59,38,74,63,68,45,40,53,66,62,57,50,41,84
33f6ada3-f257-45f9-affa-13abe81221bc,포틀랜드 트레일블레이저스,제레미 그랜트,PF,31,201,95,32,3,Healthy,85,95,77,77,69,78,95,94,82,66,60,82,82,82,87,95,85,89,85,69,75,95,69,76,72,70,50,70,69,64,40,57,77,72,75,43,50
340fcda5-daa4-4b63-9024-328286885a78,새크라멘토 킹스,프레셔스 아치우와,PF,26,203,110,2.11,1,Healthy,80,60,75,74,78,79,84,90,76,85,60,72,72,72,49,60,50,79,80,42,51,75,36,49,66,50,36,79,56,35,59,58,79,70,75,70,76
348997a9-3d59-4098-a632-7cbc65018b29,댈러스 매버릭스,앤서니 데이비스,C,32,208,115,54.1,3,Healthy,85,80,79,78,92,86,87,85,78,97,73,71,70,72,73,80,85,82,90,85,87,85,60,75,67,72,60,90,80,73,53,82,90,88,90,76,86
34aaffe9-d7d1-41e8-ab8f-8557f5b88ccd,미네소타 팀버울브스,레오나르드 밀러,PF,22,208,95,2.21,2,Healthy,80,50,73,73,55,82,90,75,80,74,70,72,72,72,83,60,50,75,70,55,37,80,51,70,70,52,43,57,63,55,52,57,60,59,40,52,71
358081af-66e3-4d5e-bf20-08c1046febe4,필라델피아 세븐티식서스,안드레 드러먼드,C,32,211,127,5,1,Healthy,81,50,60,58,94,79,75,75,81,83,60,77,77,77,63,65,60,69,80,64,40,85,52,45,49,70,31,75,52,45,40,77,74,70,65,95,92
35c3f78c-c830-4a5e-a302-88ada71b89a0,샬럿 호네츠,리암 맥닐리,SF,20,201,95,2.76,4,Healthy,87,60,81,73,54,72,84,80,80,56,70,82,82,82,84,60,60,67,60,38,59,85,68,69,70,68,51,51,62,55,47,37,58,57,40,42,66
3711abe7-800b-4fad-82a5-738fce069971,시카고 불스,라클란 올브리히,C,22,208,105,0.67,1,Healthy,80,65,50,48,68,49,85,90,80,70,66,61,61,61,58,50,50,67,60,65,60,80,68,60,48,69,48,60,37,35,47,50,66,50,50,62,65
372811c0-29ad-4236-9d56-bae9c01d4552,브루클린 네츠,노아 클라우니,PF,21,208,95,3.39,2,Healthy,84,90,64,64,64,75,90,85,80,88,69,76,76,76,80,80,80,72,80,60,65,85,57,59,57,68,39,68,57,49,41,67,67,66,55,43,57
377319b5-4fab-474b-8c5e-66bafba16cb2,샬럿 호네츠,라이언 칼크브레너,C,23,216,122,2.29,4,Healthy,85,80,44,35,67,74,85,85,80,97,74,73,73,73,72,85,70,60,80,70,67,85,50,37,30,50,27,78,30,30,41,89,78,54,75,79,68
37bca046-620c-420f-811d-9521a6203444,샌안토니오 스퍼스,켈든 존슨,SF,26,196,100,17.5,2,Healthy,83,70,76,78,70,71,90,95,80,98,83,82,84,84,76,60,75,87,65,62,61,95,74,79,73,74,36,67,73,67,42,32,69,64,65,70,76
3800c665-8865-4fdc-a876-d3b06ff70f00,밀워키 벅스,카일 쿠즈마,PF,30,206,100,22.4,2,Healthy,83,60,74,74,74,75,85,95,83,82,84,73,73,73,75,60,75,75,75,66,50,95,66,77,67,78,47,66,75,50,41,57,74,72,70,46,67
3813b126-e318-4d5b-8218-6202998a5e6e,워싱턴 위저즈,저스틴 샴페니,SF,24,198,93,2.34,3,Healthy,81,85,73,73,40,78,80,85,80,80,67,74,74,74,72,85,75,79,75,42,40,80,62,69,66,62,33,49,73,70,63,68,74,73,70,84,78
3817b35c-fb3a-47f5-8127-ee7aa5951f28,워싱턴 위저즈,법 캐링턴,PG,20,193,86,4.67,3,Healthy,83,95,82,72,54,75,89,80,80,69,76,87,87,87,70,90,60,75,60,55,57,85,79,86,77,79,70,40,55,44,35,40,52,52,35,33,58
39436274-9e84-4755-bd96-22b25d18099b,시카고 불스,트레 존스,PG,25,185,84,8,3,Healthy,85,80,80,80,60,71,85,75,81,82,85,70,70,70,84,80,75,86,35,30,62,80,83,84,80,83,73,34,73,50,73,42,70,67,60,37,45
39abac7a-4972-4d0f-9e72-643c60ce37cb,토론토 랩터스,야콥 퍼들,C,30,213,111,19.5,5,Healthy,83,75,51,37,80,57,80,80,80,90,79,45,45,45,60,75,60,73,75,84,60,85,69,38,31,62,45,81,45,45,46,60,79,67,80,83,80
39ae180c-5a7a-41c9-af90-42f1e36c2fa5,브루클린 네츠,테렌스 맨,SG,28,196,98,15.5,3,Healthy,80,80,71,73,50,79,85,90,80,84,68,75,75,75,88,75,60,83,60,49,50,75,79,79,70,83,70,54,66,55,42,50,62,59,50,55,48
3a934c2d-f17a-4017-bb94-343c2bd8a5f5,보스턴 셀틱스,조던 월쉬,SF,21,198,93,2.21,2,Healthy,80,60,77,81,63,86,89,90,80,67,67,86,86,86,83,75,60,68,75,57,52,85,63,68,68,62,32,78,82,70,79,67,82,85,80,67,71
3b220182-20ab-45a7-b2e3-7c93d73b321c,시카고 불스,마타스 부젤리스,PF,21,208,94,5.45,3,Healthy,87,90,86,70,60,84,90,85,80,88,75,77,77,77,77,85,85,85,84,60,59,90,65,72,76,69,36,58,62,60,42,81,65,62,50,47,65
3c6cb4c4-4598-47e1-9ccb-2d24194c9e10,밀워키 벅스,타나시스 아테토쿤보,PF,33,201,100,2.29,1,Healthy,78,65,77,75,42,82,80,90,87,71,66,66,66,66,50,65,40,80,80,50,69,64,54,69,69,75,38,42,59,35,33,51,54,50,40,64,61
3c880e89-6c83-464b-9b83-cd8af1221887,인디애나 페이서스,파스칼 시아캄,PF,31,203,104,45.5,3,Healthy,89,85,76,78,70,79,95,80,82,97,72,81,81,81,68,90,90,88,80,89,78,90,72,79,69,79,70,85,79,78,53,50,86,82,80,50,67
3d9d036f-60df-40cd-92d2-0521cf130fa2,골든스테이트 워리어스,지미 버틀러 3세,SF,36,201,104,54.1,2,Healthy,90,85,84,92,76,82,97,98,81,85,75,85,85,85,89,55,80,87,75,85,87,98,85,86,82,89,72,80,86,85,66,40,89,88,85,61,54
4060be8e-1d2a-444e-8566-2e16824180fc,인디애나 페이서스,베네딕트 매서린,SG,23,196,95,9.18,1,Healthy,82,60,84,84,54,82,92,85,80,81,82,82,82,82,88,50,85,78,70,55,67,90,75,79,81,82,41,42,69,62,37,37,65,62,50,37,66
4121e971-59d9-4c44-a355-091bfcefefcd,인디애나 페이서스,조니 퍼피,SF,21,206,91,1.95,3,Healthy,82,60,79,63,54,79,85,90,80,89,77,76,76,76,82,70,60,79,60,48,48,85,60,59,60,64,28,52,57,50,49,25,52,48,50,48,66
415b9ac7-9db2-4e84-8607-41cd2f1c0c29,인디애나 페이서스,벤 셰퍼드,SG,24,198,86,2.79,2,Healthy,83,75,84,84,54,75,85,90,80,53,83,73,73,73,81,75,60,78,50,47,49,80,70,73,74,70,38,54,79,60,36,40,78,75,75,41,67
423b98e3-14d9-4868-88c5-ce39d6f67aa6,샬럿 호네츠,콜린 섹스턴,SG,27,191,86,19,1,Healthy,86,75,88,88,48,84,95,80,81,83,80,86,86,86,87,80,80,80,60,38,50,75,75,86,87,74,74,45,67,45,46,42,60,60,50,36,43
43123b97-770b-438c-a569-224eeb497cb2,브루클린 네츠,닉 클랙스턴,C,26,211,98,25.3,3,Healthy,87,75,69,77,71,79,90,89,80,87,69,64,64,64,67,75,55,67,80,72,55,80,40,49,44,48,71,84,79,41,41,78,85,64,85,70,77
43b73e7b-bb8c-467c-b812-b05e533d6d4a,골든스테이트 워리어스,스테판 커리,PG,37,188,84,59.6,2,Healthy,94,80,84,84,48,73,98,85,86,98,92,99,99,99,93,75,98,94,30,35,78,98,89,97,84,90,72,30,69,55,53,52,70,68,65,33,53
44a6edd6-0c11-4eff-a25b-c645331ff971,덴버 너게츠,니콜라 요키치,C,31,211,129,55.2,3,Healthy,99,75,63,62,96,63,97,80,83,99,98,87,87,90,85,85,98,91,83,98,98,90,93,76,60,98,99,83,61,56,56,61,83,82,80,72,96
44ee29e6-5e4b-4367-95cf-6be7fbee54a6,뉴욕 닉스,OG 아누노비,PF,28,201,105,39.5,4,Healthy,87,85,81,91,68,85,85,85,81,55,61,80,80,80,82,80,85,75,85,36,60,90,58,72,71,52,37,81,90,89,83,62,89,89,90,48,62
4634eb2c-a6ee-4a0b-abf6-d79e46d89084,마이애미 히트,켈렐 웨어,C,21,213,104,4.44,3,Healthy,87,80,66,68,66,90,89,90,80,78,64,85,85,85,82,80,65,77,86,60,62,90,37,52,46,52,27,75,37,35,49,82,69,50,60,90,91
47da7e42-886b-4a00-88d9-d3fd7e210a54,유타 재즈,월터 클레이튼 주니어,SG,22,191,88,3.99,4,Healthy,86,60,86,84,47,74,80,75,80,97,90,75,75,75,96,65,55,79,60,30,85,85,74,79,86,74,72,40,55,41,51,52,52,45,45,35,52
47f73fa2-d6c0-4ece-9aea-b0f67a7ae644,시카고 불스,아이작 오코로,SF,24,196,102,11,2,Healthy,82,75,77,85,67,80,89,90,82,66,60,78,78,78,76,75,45,80,70,47,54,80,65,71,73,67,34,68,84,75,38,57,80,82,80,50,40
4901261b-6176-4c60-8f66-fc4e33d25309,올랜도 매직,조나단 아이작,PF,28,208,104,15,4,Healthy,85,25,73,80,70,80,70,65,67,86,44,59,59,59,58,35,30,67,70,44,30,68,54,57,66,52,29,83,83,85,86,91,83,78,80,67,77
4971c7b3-e499-47e8-9bbc-0cbaa6a26ab9,밀워키 벅스,마일스 터너,C,29,211,113,25.3,4,Healthy,84,60,56,66,80,69,95,80,83,77,92,81,81,81,75,70,60,75,65,84,45,95,31,35,32,68,34,87,70,55,40,86,90,70,85,47,67
49c03f0c-e948-4548-8b81-4383e0337b1b,멤피스 그리즐리스,잭 이디,C,23,224,136,6.04,3,Injured,90,65,46,31,84,66,79,85,80,98,78,76,75,74,78,80,70,60,80,82,50,95,58,39,30,63,32,79,37,40,38,94,79,67,75,92,91
49d0b65c-90e4-477e-a65b-c636dbdd50aa,멤피스 그리즐리스,조크 렌데일,C,30,211,116,2.29,1,Healthy,80,70,54,54,64,75,80,70,80,97,89,84,82,85,67,75,65,75,65,84,44,70,57,52,45,57,41,71,48,32,37,61,62,60,45,86,63
4a43b753-4f1d-40b3-9385-5d75c4eb6595,마이애미 히트,앤드류 위긴스,PF,31,201,89,28.2,2,Healthy,89,85,82,82,57,97,87,90,83,91,74,82,82,82,74,80,70,77,85,77,50,85,62,79,80,60,48,55,74,55,49,72,70,67,65,53,49
4a76dce6-cfa2-46ca-ac48-8986455fa03c,브루클린 네츠,E.J.리델,PF,24,201,109,0.67,1,Healthy,80,40,73,73,65,89,80,65,80,80,79,76,76,76,76,40,45,75,55,68,37,85,59,60,59,58,49,65,54,45,44,79,62,54,50,59,66
4aff5e59-9014-441f-8b23-c71b2b1a75ba,인디애나 페이서스,아이재아 잭슨,C,23,206,93,7.6,3,Healthy,80,60,73,73,65,81,82,90,80,91,69,58,59,59,74,60,45,70,75,55,59,80,40,59,54,44,32,70,54,45,63,77,66,49,55,88,77
4b4f445e-acad-4363-a2ca-224791adfa68,유타 재즈,케빈 러브,PF,37,203,113,4.15,1,Healthy,83,70,60,54,80,60,60,80,77,97,79,80,80,80,78,50,55,72,60,75,50,80,65,52,33,77,62,69,50,44,37,60,75,57,50,69,85
4b821ed8-f952-4ef3-8055-53fc8ee32996,클리블랜드 캐벌리어스,제일런 타이슨,SF,22,201,95,3.49,3,Healthy,83,60,80,76,63,75,85,93,80,94,78,86,86,86,74,70,75,79,65,52,69,90,62,75,77,69,39,50,70,55,53,60,70,67,60,65,60
4bb773be-23a2-4f54-baa6-5376cb256179,인디애나 페이서스,애런 니스미스,SF,26,196,98,11,4,Healthy,83,85,78,76,52,79,87,85,81,69,67,83,83,83,81,85,85,77,55,57,78,85,69,70,64,65,40,72,76,72,40,58,76,57,75,48,56
4bfd4ba5-4b39-43db-8a17-681b1918acb8,LA 레이커스,잭슨 헤이즈,C,25,213,100,3.4,1,Healthy,80,50,58,64,72,75,80,95,80,97,68,60,60,60,67,60,50,79,85,65,52,90,29,38,41,40,34,78,48,30,38,72,79,45,65,68,69
4d699064-5c4f-43bd-bb1d-add56adec6c8,보스턴 셀틱스,아마리 윌리엄스,C,23,208,120,0.67,1,Healthy,79,40,66,68,69,75,85,85,80,67,60,55,55,55,62,50,40,67,80,60,54,70,66,65,62,69,56,70,60,45,47,68,72,50,55,60,60
4d7591f9-8a8c-42ac-9916-aa6fb4bb8ecc,밀워키 벅스,바비 포르티스,C,30,208,113,13.5,3,Healthy,83,70,65,64,83,64,85,90,84,93,84,89,89,89,74,75,60,74,70,83,74,85,55,52,59,52,37,78,40,40,40,42,75,65,65,57,86
4dbf1dff-da8c-4c7d-b8e0-fcc8970ab998,클리블랜드 캐벌리어스,디안드레 헌터,SF,27,203,102,23.3,2,Healthy,80,60,76,83,65,75,88,80,80,94,90,74,74,74,87,60,70,79,70,51,60,85,67,70,69,64,41,63,82,76,40,37,80,60,80,37,62
4dce0bd4-c199-4a81-a03c-e9774a93af0d,멤피스 그리즐리스,브랜던 클락,PF,29,203,98,12.5,2,Injured,81,60,84,83,64,82,90,95,80,97,78,57,55,50,70,60,35,87,80,62,55,80,59,69,65,62,33,80,75,70,59,65,80,72,80,75,68
4fdd2baa-d0f8-4241-bf59-d4ebccb33d1b,포틀랜드 트레일블레이저스,셰이던 샤프,SG,22,196,91,8.4,5,Healthy,88,85,89,89,50,96,94,85,80,83,71,74,74,74,78,90,95,85,95,33,82,88,67,83,84,67,55,49,69,70,73,37,65,75,45,46,55
504e505f-1e07-41d6-b7ff-6eb38794355c,클리블랜드 캐벌리어스,크레이그 포터 주니어,PG,25,188,84,2.22,2,Healthy,81,80,79,79,48,72,88,90,80,85,84,84,84,84,69,75,60,79,45,49,60,85,75,73,79,75,69,44,73,69,90,72,60,84,65,68,56
5191e7f2-5459-4f92-8923-c7b418eb7f1a,미네소타 팀버울브스,앤서니 에드워즈,SG,23,193,102,45.5,4,Healthy,98,95,91,90,62,97,97,90,83,93,90,88,88,88,80,90,98,96,82,62,95,98,79,86,85,80,66,59,87,61,59,60,84,84,85,35,60
51f37511-b0a3-4fd5-91eb-23729b9d5bf8,인디애나 페이서스,T.J. 맥코넬,PG,33,185,86,10.2,4,Healthy,82,85,76,82,44,65,85,92,83,97,98,75,75,75,74,80,60,76,25,38,40,79,88,79,73,86,96,48,82,45,93,51,70,87,80,36,61
52accc92-bfa6-43e2-82aa-f2fad3c9242a,클리블랜드 캐벌리어스,네이콴 톰린,PF,24,208,95,0.67,1,Healthy,80,70,75,70,62,80,80,80,80,73,72,70,70,70,71,60,65,79,74,57,55,80,67,72,65,70,30,64,70,55,66,82,67,62,60,78,55
52b0da1f-d42f-4214-b4b7-550a8b454ad4,오클라호마시티 썬더,쳇 홈그렌,PF,23,216,88,13.7,6,Healthy,94,80,75,75,45,75,87,90,80,98,94,83,83,83,79,90,75,85,80,79,85,95,60,65,67,59,35,85,75,70,37,90,88,78,85,56,85
537874e8-ceb6-4c42-a4f5-e67212e1639d,댈러스 매버릭스,제이든 하디,SG,23,191,90,6,3,Healthy,78,45,83,83,39,85,84,85,80,87,79,81,82,81,85,60,70,80,80,47,46,85,75,83,76,75,50,35,55,48,43,37,50,51,50,38,48
540a0420-2dfe-4c65-9cb7-18b67a51d9f8,필라델피아 세븐티식서스,VJ 엣지컴,SG,19,196,90,11.1,4,Healthy,88,85,89,91,57,88,85,85,80,76,70,82,82,82,78,85,75,85,85,40,74,85,75,86,85,80,63,53,77,50,56,52,77,75,75,52,51
54937667-7acb-43fe-a2ce-f9236f5e3e57,디트로이트 피스톤즈,채즈 레이니어,SG,23,193,86,1.37,4,Healthy,80,50,85,79,48,88,92,80,80,78,80,79,79,79,76,50,50,78,55,44,40,80,62,72,79,57,33,40,52,50,52,28,51,44,45,52,41
55d41eff-3f6d-4bed-897c-905e7ab7feb8,샬럿 호네츠,사이온 제임스,SG,23,198,100,2.29,4,Healthy,85,65,93,85,82,81,80,80,80,79,70,80,80,80,86,75,65,79,55,58,47,75,69,69,78,69,36,69,72,70,40,53,70,68,65,36,56
5713a5c1-ec94-41de-ad88-1ac32588f901,휴스턴 로케츠,케빈 듀란트,SF,37,211,109,54.7,3,Healthy,90,45,80,78,63,77,94,90,88,98,98,90,92,95,89,70,98,96,82,86,97,98,78,92,80,88,68,70,77,45,37,66,75,75,75,30,62
5760d759-8c4b-42c0-a3a1-fcc9c8ff684b,뉴욕 닉스,미칼 브리지스,SF,29,198,95,24.9,5,Healthy,87,75,80,87,68,85,92,95,84,97,83,84,84,84,76,70,75,75,65,57,60,80,78,82,72,88,65,69,88,75,90,65,82,66,85,41,52
5877bd90-e494-4960-a9a2-9972c3542963,뉴욕 닉스,조쉬 하트,SG,30,193,98,19.4,3,Healthy,85,80,81,86,64,69,99,99,82,91,89,82,82,82,84,70,75,84,70,42,57,95,73,79,79,75,71,78,86,75,66,47,80,78,80,55,83
5887c5e7-cb7f-479d-9dc5-618c52cf831f,마이애미 히트,블라디슬라프 골딘,C,24,216,120,0.67,1,Healthy,78,50,33,30,70,50,80,80,80,70,68,66,66,66,73,50,50,60,67,67,63,75,59,44,30,59,37,66,45,25,35,67,66,45,50,69,65
597289dd-e16e-46bf-bed8-2f99d65b2143,클리블랜드 캐벌리어스,다리우스 갈란드,PG,25,185,87,39.5,3,Healthy,89,60,88,88,40,84,95,90,80,94,90,85,85,85,90,75,80,84,40,42,50,85,85,89,88,85,77,31,71,55,38,32,69,66,50,34,43
599e25dc-a8df-4afe-a5da-aa543ae57aac,인디애나 페이서스,타이리스 할리버튼,PG,25,196,84,45.5,4,Injured,90,98,83,84,59,70,95,95,80,98,91,84,84,84,86,95,80,94,55,40,62,95,96,90,83,96,95,60,77,56,63,56,78,75,75,35,49
59ae74d8-f70a-4fff-8689-50681c3cc9a5,디트로이트 피스톤즈,대니스 젠킨스,PG,24,185,84,0.67,1,Healthy,81,75,75,75,45,70,85,80,80,85,76,84,84,84,80,70,70,84,55,28,65,70,80,79,74,82,73,32,69,65,90,30,69,75,65,45,44
5a074ced-8bca-4dc0-8c7f-a0ebd2b3608b,디트로이트 피스톤즈,케이드 커닝햄,PG,24,198,100,46.4,5,Healthy,95,98,83,83,62,80,94,95,80,95,79,80,80,80,84,90,98,94,75,64,95,98,92,86,83,95,91,63,75,72,63,61,75,76,75,41,65
5acb6ed6-3d46-4167-a471-f50167f7f1bf,샬럿 호네츠,팻 코너튼,SG,33,196,95,9.42,1,Healthy,80,35,77,78,45,95,80,80,83,80,69,77,77,77,72,70,35,78,75,34,66,90,69,78,65,78,49,35,73,65,32,57,70,71,65,45,63
5b706e51-c2c1-4530-9b36-b6b087b6cf6a,댈러스 매버릭스,나지 마샬,SF,27,201,100,9,2,Healthy,78,80,62,65,67,75,85,70,80,98,71,72,71,72,80,85,80,82,70,72,69,80,67,74,62,71,50,52,60,45,46,30,62,64,40,40,60
5bacd315-6d0a-4369-9b79-83053a0c8fd1,골든스테이트 워리어스,윌 리차드,SG,23,193,91,1.27,4,Healthy,81,50,78,78,56,74,80,90,80,89,79,83,83,83,81,70,65,79,75,44,40,70,60,67,70,67,36,50,72,68,76,32,70,79,65,55,48
5c433c3d-6739-4f20-8475-9aaf0617b154,LA 클리퍼스,브래들리 빌,SG,32,193,89,5.35,2,Injured,90,60,76,83,62,87,84,78,82,85,80,80,80,80,81,65,70,84,75,54,45,92,74,86,76,74,47,45,60,45,46,56,57,40,40,36,47
5c8ba4fc-52f5-46f7-907f-1bc7b4020042,LA 레이커스,제이크 라라비아,SF,24,203,107,6,2,Healthy,80,60,59,78,62,72,88,85,80,84,78,75,75,75,73,80,60,79,75,60,69,70,69,68,57,68,41,78,78,74,76,56,77,78,75,62,54
5d00abed-726c-4623-9bd9-91cd6e19c30d,워싱턴 위저즈,알렉스 사르,C,20,213,102,11.8,3,Healthy,89,95,73,72,67,77,80,85,80,86,67,79,79,79,68,75,75,82,85,64,78,80,65,73,66,66,65,78,72,74,41,97,80,82,80,67,75
5e0b50e4-0be3-4a58-947d-5f0b3374afd6,뉴올리언스 펠리컨스,허버트 존스,SF,27,201,95,13.9,5,Healthy,84,30,74,91,59,72,82,85,80,63,78,78,75,77,81,50,40,67,75,62,55,75,65,75,69,75,43,62,91,85,75,45,88,88,90,44,51
5e69c1de-664a-4ea4-9b18-efda346416f8,댈러스 매버릭스,P.J. 워싱턴,SF,27,201,104,14.1,5,Healthy,81,55,75,84,68,69,85,85,79,88,79,74,74,74,69,60,60,75,80,63,44,95,55,70,63,60,36,83,85,84,46,77,84,85,80,49,75
5eb6c1d8-3791-4b2e-81b5-01dc7143a2e6,디트로이트 피스톤즈,캐리스 르버트,SG,31,198,93,14.1,2,Healthy,83,40,75,77,54,80,92,80,78,75,75,82,82,82,67,70,70,81,70,54,79,95,75,86,72,84,67,45,74,60,59,67,70,68,60,32,45
5ebadb62-dd78-408d-8ba4-d5b61b55eff2,밀워키 벅스,라이언 롤린스,SG,23,191,82,4,3,Healthy,85,85,86,86,39,80,85,85,80,80,77,86,86,86,77,85,80,85,65,42,79,85,79,79,82,79,73,43,68,65,82,51,67,62,60,38,56
5ece7e98-d158-4d55-bea5-25437940d76e,유타 재즈,키욘테 조지,PG,22,193,84,4.27,2,Healthy,90,85,79,78,55,72,84,85,80,97,77,82,82,82,90,80,95,90,60,48,86,90,85,86,78,85,76,34,65,50,41,45,57,58,50,32,55
5f448234-422e-4deb-9351-c09e3a29e517,댈러스 매버릭스,디안젤로 러셀,PG,29,191,88,5.68,2,Healthy,83,60,81,65,54,71,93,65,83,94,92,76,74,74,72,60,55,85,45,45,67,81,85,90,81,85,82,40,57,55,40,37,54,40,45,35,53
5fdf33c0-8241-4caa-ae61-fa5462022ffe,포틀랜드 트레일블레이저스,투마니 카마라,SF,25,203,100,2.22,5,Healthy,85,75,63,89,78,78,88,95,80,75,67,79,79,79,66,70,55,82,70,55,32,85,68,65,58,67,44,87,90,87,66,51,92,90,95,53,53
5fedefb6-bc3d-4698-8166-cbf088a4d28a,뉴올리언스 펠리컨스,자이언 윌리엄슨,PF,25,198,129,39.4,3,Healthy,86,70,84,81,92,97,83,95,60,83,70,67,65,65,75,75,85,93,93,86,85,95,65,78,74,72,68,59,55,35,56,60,64,70,40,68,70
602f8645-c0b8-4fe1-9ef7-c4d0544d16dd,브루클린 네츠,데이런 샤프,C,23,206,120,6.25,2,Healthy,80,60,61,61,79,73,80,90,80,91,74,65,65,65,65,75,65,73,70,48,44,70,62,58,38,66,71,69,60,60,90,66,69,55,60,86,87
60659995-b76b-45a0-9417-5a3d1a80c190,올랜도 매직,웬델 카터 주니어,C,26,208,122,10.9,4,Healthy,86,50,68,55,82,68,85,90,81,83,94,82,82,82,76,65,65,78,75,81,75,85,56,50,47,70,38,78,47,40,38,58,80,70,70,67,73
607ded9c-7c55-4497-baba-5d751b4ca78b,보스턴 셀틱스,페이튼 프리차드,PG,27,185,88,7.23,3,Healthy,84,90,75,75,41,66,84,78,81,98,97,78,78,78,86,90,90,85,35,35,57,75,84,82,75,82,71,36,60,55,41,32,60,45,35,42,53
60c05066-bdc1-4f6c-a058-1a7816c00c0c,애틀랜타 호크스,무하메드 게예,PF,22,208,95,2.21,2,Healthy,78,70,67,67,63,75,88,90,80,89,67,68,67,67,57,75,70,72,80,52,58,90,60,60,52,62,33,60,48,45,49,75,57,50,45,65,65
61a94516-c368-4951-8c29-31acda7b1a27,시카고 불스,제본 카터,PG,30,185,91,6.81,1,Healthy,77,60,76,83,60,71,85,76,81,92,89,82,82,82,82,80,65,75,35,30,40,80,75,79,76,70,67,34,79,45,53,56,72,75,70,38,38
61f6cc0a-22d3-4868-8f2a-6f9db0e617c3,뉴욕 닉스,트레이 제이미슨 III,C,25,211,118,0.67,1,Healthy,78,50,55,52,76,72,90,90,82,83,50,29,29,29,39,70,50,60,75,65,40,80,44,40,44,45,35,71,37,40,66,76,70,50,65,78,65
6232d236-0930-45b1-9994-dbc12643e5e9,디트로이트 피스톤즈,마커스 새서,PG,25,188,88,2.88,2,Healthy,83,75,75,83,47,69,85,85,80,95,72,85,85,85,84,75,60,78,45,37,47,75,74,80,75,74,71,35,70,58,66,37,67,67,65,33,42
62604a5b-bc1a-464b-9243-ad1714635639,인디애나 페이서스,퀜튼 잭슨,SG,27,196,91,0.67,1,Healthy,80,75,85,85,42,88,80,75,79,69,68,82,82,82,74,70,70,80,70,31,57,80,78,78,76,78,67,46,73,50,53,35,70,75,65,39,57
634fc20f-86a6-4879-b4cf-15874a9ad44e,애틀랜타 호크스,비트 크레이치,SF,25,203,88,2.34,3,Healthy,81,80,75,75,40,76,80,75,80,96,74,90,90,89,76,85,65,79,70,38,44,75,69,70,74,70,37,50,60,55,43,50,59,58,40,34,46
63f31e20-7530-4730-8677-530c37782263,샌안토니오 스퍼스,제레미 소핸,PF,22,203,104,7.09,1,Healthy,84,75,70,74,60,74,90,85,80,89,45,72,72,72,68,75,50,84,60,52,79,70,79,79,65,82,52,65,74,70,40,52,69,68,65,67,63
65db85d1-83cf-4860-a0d3-4fd26024f502,애틀랜타 호크스,니켈 알렉산더-워커,SG,27,196,93,15.2,4,Healthy,84,95,72,87,60,70,90,75,80,87,73,82,82,83,85,90,90,88,60,64,73,88,75,81,72,76,56,52,84,75,65,56,82,80,80,36,47
6620dab8-0f9b-4493-b699-dd967d630577,필라델피아 세븐티식서스,쿠엔틴 그라임스,SG,25,196,95,8.74,1,Healthy,83,70,86,84,63,75,85,80,80,80,67,80,80,80,87,75,70,82,70,42,72,80,70,79,79,75,67,46,83,65,43,53,80,78,75,35,53
66745739-56bf-451a-b91e-341e55c095e0,샌안토니오 스퍼스,루크 코넷,C,30,218,113,11,4,Healthy,80,85,38,37,66,62,85,85,77,78,56,70,70,70,84,80,75,60,70,78,58,85,50,43,33,60,42,74,32,30,32,85,76,54,70,85,66
670017f9-4be9-4cd6-9156-978cf9418159,휴스턴 로케츠,스티븐 아담스,C,32,211,120,14.1,3,Healthy,82,70,48,63,96,70,68,75,89,67,65,26,24,24,65,40,60,69,72,70,59,75,69,35,33,68,35,80,55,35,46,72,80,70,75,98,80
676aa842-7add-42bb-b174-da6313df2aac,브루클린 네츠,놀란 트라오레,PG,19,191,84,3.81,4,Healthy,83,60,85,85,56,74,92,75,80,78,69,72,72,72,71,50,50,76,65,69,55,81,78,86,85,78,70,44,60,45,43,58,57,60,40,27,43
67bf5755-7916-42c0-b958-a49cbc27bd50,시카고 불스,조쉬 기디,PG,23,203,95,25,4,Healthy,92,90,79,79,60,74,88,90,80,87,42,82,82,82,76,90,90,94,55,55,89,90,92,90,79,92,90,50,62,45,41,50,57,54,45,44,85
683d8af3-192d-4c5e-b2fa-00376de2264f,디트로이트 피스톤즈,어사르 톰슨,SF,23,198,99,8.77,2,Healthy,84,60,94,90,50,98,95,95,80,90,68,70,70,70,55,40,30,84,85,45,43,80,70,78,88,70,52,84,89,80,83,68,89,88,90,67,63
6875da10-37df-4a06-b61d-0daf1b39ba57,유타 재즈,카일 필리포우스키,C,22,213,113,3,3,Healthy,85,70,77,57,62,66,85,90,80,94,70,74,74,74,70,80,60,64,70,74,50,85,60,69,57,60,51,60,55,50,38,62,65,57,45,63,81
687c5add-95ad-4aff-b04f-1e60f0bd052e,올랜도 매직,자말 케인,SF,26,201,91,0.67,1,Healthy,78,50,66,68,60,75,80,70,83,81,59,73,73,73,63,75,65,80,70,57,40,75,44,53,60,49,32,60,68,65,49,68,55,50,50,55,40
6886a067-d02d-46fd-adad-686a60e560fc,유타 재즈,일라이자 하클리스,SG,25,191,88,0.67,1,Healthy,78,30,80,85,57,75,85,85,80,67,68,75,75,75,75,50,30,67,50,31,44,75,74,76,80,72,62,42,76,73,80,47,70,72,70,48,57
689ca460-9501-414b-8d94-56b06190009b,유타 재즈,코디 윌리엄스,SF,21,203,86,5.74,3,Healthy,83,40,87,86,51,75,90,75,80,92,53,60,60,60,73,65,45,74,77,47,40,90,63,82,79,63,31,55,73,70,33,53,70,60,55,43,41
694cadf1-b86a-45dd-9180-160c91f40206,밀워키 벅스,야니스 안테토쿤보,PF,31,211,110,54.1,3,Healthy,98,85,89,86,94,85,98,95,91,97,57,73,73,73,67,90,98,98,91,90,97,95,84,87,80,95,87,90,87,88,70,70,92,88,95,82,90
6999e760-cdc8-41ab-8783-95860d84087b,휴스턴 로케츠,타리 이슨,PF,24,203,98,5.67,1,Healthy,85,75,80,85,70,80,85,85,80,81,68,88,89,87,77,60,50,82,79,51,44,80,50,70,72,47,36,78,85,87,73,63,84,85,80,68,72
69aebc0f-cbfa-4891-865c-4b159df37389,골든스테이트 워리어스,트레이시 잭슨-데이비스,C,25,206,111,2.21,2,Healthy,83,40,79,74,63,88,85,85,80,68,70,44,44,44,61,60,25,78,85,60,40,75,62,66,69,64,43,63,58,58,41,83,57,55,50,85,73
6ac9ceb7-513b-4153-9088-5155ac69cc88,샌안토니오 스퍼스,켈리 올리닉,PF,34,211,109,13.4,1,Healthy,81,40,31,35,70,55,89,90,82,88,70,76,75,75,71,75,75,75,60,79,49,78,70,42,25,76,70,70,50,35,53,60,66,45,65,66,71
6b779609-ba31-4b13-a29e-9f4d42620a20,워싱턴 위저즈,키숀 조지,SG,22,203,95,2.96,3,Healthy,83,70,64,74,60,72,90,85,80,88,85,84,84,84,74,85,70,83,60,59,30,95,66,74,60,66,71,70,70,55,43,63,71,70,60,40,65
6bd89202-8b46-405a-9828-0f4497ff032c,포틀랜드 트레일블레이저스,라얀 루퍼트,SF,21,201,88,2.22,1,Healthy,80,95,67,72,52,69,88,85,80,66,63,70,70,70,75,80,65,82,60,42,40,70,68,72,65,68,33,53,70,55,41,40,70,70,65,40,64
6c1f5f75-aaf9-47dd-bebd-ce7caac4fdd3,오클라호마시티 썬더,아이재아 하텐슈타인,C,27,213,113,28.5,2,Healthy,85,65,62,62,84,70,80,95,77,97,85,55,55,55,65,75,60,77,80,74,72,75,50,56,42,60,60,83,41,40,59,67,80,54,80,90,89
6c2210a2-2bac-49f0-b884-e4dde5d1bab4,유타 재즈,스비 미하일류크,SG,28,201,93,3.67,3,Healthy,81,90,82,82,54,69,81,65,79,92,79,83,83,83,79,85,70,70,55,38,39,94,69,64,75,64,42,37,55,45,37,35,50,54,30,41,45
6c371445-ba1e-421b-a5fb-149a45bfef00,LA 클리퍼스,제임스 하든,PG,36,196,100,39.1,2,Healthy,90,65,85,85,71,87,98,60,95,87,88,83,83,83,89,80,95,94,75,69,94,90,82,95,85,94,83,62,70,40,49,45,63,82,65,34,61
6d540843-af76-4f25-8634-b0d401a3f2e0,토론토 랩터스,임마누엘 퀵클리,PG,26,188,86,32.5,4,Healthy,86,70,82,82,54,79,89,85,79,91,87,80,80,80,82,80,85,80,50,45,60,98,80,86,76,80,73,37,80,57,49,32,78,64,75,33,57
6e272f32-0e81-4bc0-8d17-8aa3a39b048e,워싱턴 위저즈,앤서니 길,PF,33,203,104,2.29,1,Healthy,78,75,69,67,60,79,80,88,80,91,72,70,70,70,61,70,65,70,75,60,40,74,38,54,53,55,31,66,60,55,38,37,50,58,50,46,56
70014ffd-3616-4808-92dc-f10ca3a29c3b,올랜도 매직,젯 하워드,SF,22,203,98,5.52,2,Healthy,86,70,69,69,58,72,90,80,80,97,88,79,79,79,75,70,60,74,65,54,47,85,69,73,66,65,41,55,67,50,36,56,72,52,45,40,51
70897574-fc38-4a33-b7b6-4f69304162d6,유타 재즈,아이재아 콜리어,PG,21,196,93,2.63,3,Healthy,85,55,95,88,60,75,89,80,80,92,57,78,78,78,68,70,50,87,70,37,50,95,86,86,95,86,86,30,45,62,42,56,57,57,55,31,51
70a93224-b5b5-4323-a3f3-c368fb7c1e9c,보스턴 셀틱스,베일러 샤이어만,SF,24,198,92,2.61,3,Healthy,80,90,86,64,54,54,90,85,80,73,80,85,85,85,85,80,65,71,50,48,44,66,70,71,75,69,33,47,56,40,53,40,57,47,40,41,56
71711b4e-ce1b-4405-8bdd-9743c931b50f,멤피스 그리즐리스,캠 스펜서,SG,24,193,93,2.53,4,Healthy,82,85,73,73,45,53,85,90,80,97,84,91,93,92,92,75,75,69,35,37,52,85,79,77,70,79,75,44,59,45,43,30,50,52,45,32,48
727af01e-f631-4665-baec-9cf475f515d2,피닉스 선즈,오쇼 이궈다로,C,23,211,107,1.95,3,Healthy,80,80,86,74,64,90,85,85,80,85,60,35,35,36,49,75,60,74,80,59,37,80,58,60,65,59,45,62,47,45,63,67,62,57,45,60,74
731d718c-6845-4ddf-a3e7-183232cc5164,새크라멘토 킹스,데빈 카터,PG,23,191,88,4.92,3,Healthy,83,50,98,89,60,94,92,90,80,83,67,75,75,75,61,60,65,74,70,42,40,95,80,79,90,80,68,58,73,67,80,55,70,80,50,51,59
731f76ae-a4a9-4944-9127-9b5e6398b0ea,뉴올리언스 펠리컨스,브라이스 맥고웬스,SG,23,201,84,0.67,1,Healthy,80,65,74,75,48,81,85,75,80,68,82,86,86,85,77,75,75,74,60,42,55,78,52,74,72,50,38,37,45,66,49,47,65,60,65,36,52
738c904e-1329-4282-bffb-5943f464aa8e,LA 레이커스,르브론 제임스,PF,41,206,113,52.6,1,Healthy,99,95,87,84,89,89,88,70,97,98,89,75,75,75,69,70,85,97,85,84,80,98,90,84,85,97,81,74,74,72,42,56,70,70,60,35,65
73f45ece-394b-43c0-b91a-27a51e5f0f57,보스턴 셀틱스,루카 가르자,C,26,208,110,2.46,2,Healthy,81,80,40,40,69,48,80,85,80,97,74,82,82,82,79,70,85,74,55,79,59,85,55,35,34,55,37,54,30,30,40,70,52,56,30,95,54
74997521-b268-4444-9f08-3ad1628af60b,유타 재즈,브라이스 센사보,SG,22,198,107,2.69,2,Healthy,84,70,65,67,64,70,88,70,79,97,79,78,78,78,86,70,70,83,55,57,41,95,65,74,62,63,43,50,55,50,49,45,55,50,35,44,54
74dc772d-a39e-4150-9383-1c48393497ae,오클라호마시티 썬더,켄리치 윌리엄스,SF,31,198,95,7.16,2,Healthy,80,75,66,75,63,72,80,90,80,90,76,82,82,82,81,70,50,79,60,58,55,90,69,69,63,69,65,68,75,70,53,37,74,75,75,52,67
74f9e0d5-dae5-460a-8ac4-c0cbcb79c367,새크라멘토 킹스,키건 머레이,PF,25,203,102,11.2,6,Healthy,88,60,76,79,60,79,85,86,80,98,73,76,76,76,79,60,75,77,80,69,45,80,65,70,73,66,32,68,78,75,46,80,64,75,75,48,62
7551eaee-9482-40a6-a7f7-f08d4d9edd75,보스턴 셀틱스,우고 곤잘레스,SF,19,198,90,2.78,4,Healthy,83,70,75,75,55,75,88,90,80,82,76,82,82,82,76,75,65,74,65,42,40,70,62,70,70,62,30,53,73,60,80,56,74,70,65,56,69
75cd572b-f544-44dc-be02-6f37ee461e10,인디애나 페이서스,마이카 포터,C,27,208,112,0.67,1,Healthy,80,98,43,43,74,60,80,85,81,66,70,81,81,81,84,85,70,60,65,63,50,76,54,42,32,55,59,59,37,35,35,61,59,57,45,41,78
764aaffb-6509-434c-b8e2-5c0ec5c76eba,샬럿 호네츠,콘 크니플,SG,20,201,98,10,4,Healthy,90,80,65,70,62,78,89,70,80,97,84,92,94,95,89,75,90,84,50,40,44,90,75,76,64,75,63,48,60,70,36,37,67,67,65,41,61
76ccdf6d-fece-4cf5-abc5-9cd99279f597,멤피스 그리즐리스,자 모란트,PG,26,188,79,39.4,3,Healthy,93,50,95,95,52,97,97,75,70,82,70,72,70,70,90,70,85,89,96,54,90,98,87,93,95,85,89,49,72,56,49,40,79,78,75,32,51
7744ab3b-e05a-4293-bc4c-31fe728a20ee,뉴올리언스 펠리컨스,트레이 머피 III,SF,25,203,93,25,4,Healthy,87,95,84,76,60,82,85,85,80,86,84,82,83,84,91,90,90,81,88,42,41,80,59,64,74,64,59,69,69,58,70,40,69,59,65,43,63
77bf52e7-5510-40f4-a781-cc3ed05aa418,디트로이트 피스톤즈,톨루 스미스,C,25,208,113,0.67,1,Healthy,78,50,52,44,80,65,80,65,80,70,49,37,37,37,60,50,45,63,70,68,40,80,45,34,48,42,36,60,34,35,40,62,65,55,40,70,70
781f5e5d-814a-476b-ba5f-951ced80bc98,인디애나 페이서스,제이 허프,C,28,216,109,2.34,3,Healthy,80,70,48,47,62,62,80,85,77,97,82,74,74,74,82,80,75,60,65,74,64,80,50,43,33,60,40,79,32,35,35,96,78,64,75,52,66
782405a7-9a70-4e68-8378-6a3a53dd9c4c,시카고 불스,아요 도순무,SG,25,196,91,7.51,1,Healthy,80,60,76,78,52,75,85,75,80,82,91,85,85,85,86,75,75,87,70,42,59,80,72,79,73,79,67,38,69,60,38,42,68,69,65,36,46
790a9baa-249d-4219-b596-8e2fc5cf6db7,워싱턴 위저즈,AJ 존슨,PG,20,196,75,3.09,3,Healthy,83,80,83,79,39,76,80,75,80,63,74,72,72,72,75,75,60,80,70,30,44,80,70,86,79,72,67,49,56,45,37,37,48,47,30,32,47
7b62ed42-f3d6-4202-a3dc-705fe0f82bf4,덴버 너게츠,크리스찬 브라운,SG,24,198,100,4.92,6,Healthy,83,75,83,83,46,83,93,95,80,95,80,75,75,75,77,80,60,85,80,36,50,80,69,69,74,68,50,40,79,70,41,47,78,80,80,57,48
7b89fccb-4c6f-4f02-a768-f282aafaa8eb,애틀랜타 호크스,자카리 리사쉐,SF,20,206,93,13.2,3,Healthy,88,80,70,82,56,67,91,85,80,91,70,76,76,76,65,70,60,80,65,55,54,95,68,79,68,67,34,57,79,72,49,60,79,79,75,47,49
7c4d74ab-2dda-4874-a896-ffb0c36d3200,샬럿 호네츠,티쟌 살라운,PF,20,206,95,7.86,3,Healthy,85,75,71,82,60,80,88,90,80,64,65,86,86,86,72,80,60,75,70,51,47,80,47,66,66,45,34,69,74,70,43,55,65,59,50,48,82
7ca7f701-4821-48d0-819c-b9dedf8866b1,새크라멘토 킹스,드류 유뱅크스,C,28,208,111,2.29,1,Healthy,80,65,61,62,68,75,80,85,83,97,73,77,77,77,56,75,75,69,75,77,44,74,42,37,38,55,27,74,47,35,46,89,59,50,45,48,78
7d1c6e90-008b-44ec-974d-c4b4e4eb5c95,필라델피아 세븐티식서스,폴 조지,PF,35,203,100,51.7,3,Healthy,93,75,79,84,70,75,95,75,93,53,83,84,84,84,88,60,80,82,80,60,40,80,78,87,79,70,65,71,79,72,68,53,79,78,70,33,72
7d3e64a8-ec72-4430-ad10-640fa298e551,뉴올리언스 펠리컨스,이브스 미시,C,21,213,104,3.35,3,Healthy,84,75,78,67,72,85,80,95,80,75,42,30,30,30,51,60,35,65,82,62,40,90,29,35,45,37,35,75,34,48,36,91,70,45,60,93,63
7d8517d9-a2ae-4a66-8962-effd7402cf69,올랜도 매직,데스몬드 베인,SG,27,196,98,36.7,4,Healthy,86,75,74,80,56,78,92,85,78,87,78,84,84,84,93,70,95,89,60,56,43,84,74,80,70,74,70,58,79,55,38,53,78,78,70,45,52
7e3988f5-a55c-4676-b7e1-722086aa0a67,샬럿 호네츠,브랜던 밀러,SF,23,206,91,11.9,2,Healthy,91,85,78,82,51,85,95,80,80,80,78,80,80,82,83,90,90,80,87,64,53,80,75,86,78,75,66,50,73,65,42,70,67,68,65,46,52
7f592746-2269-4c4e-878b-dce190f4f78e,LA 클리퍼스,보그단 보그다노비치,SG,33,196,100,16,2,Healthy,83,50,75,75,63,78,89,67,77,73,80,77,77,77,87,70,45,75,65,57,50,85,71,76,73,70,64,44,63,49,46,37,57,52,40,33,58
7f8f2540-8b75-4593-8a30-050b28c5b244,멤피스 그리즐리스,빈스 윌리엄스 주니어,SG,25,193,93,2.3,2,Healthy,82,40,68,82,52,70,87,90,80,86,79,72,72,70,80,60,40,75,70,44,44,70,80,79,60,80,80,55,79,70,63,56,77,75,75,44,68
7fd08bf7-5990-41dd-957c-101045868daf,브루클린 네츠,타이리스 마틴,SG,26,198,98,2.19,1,Healthy,80,70,70,72,59,70,85,65,80,63,79,75,75,75,71,80,70,70,55,59,59,69,75,77,63,75,66,54,66,50,53,40,60,40,55,51,57
810edee3-d7ce-4ba9-a376-301eaf9fd5ee,포틀랜드 트레일블레이저스,크리스 머레이,PF,25,203,98,3.13,2,Healthy,85,75,68,73,60,75,90,80,80,85,77,67,67,67,71,75,70,70,70,52,50,80,60,69,62,60,32,60,66,45,63,53,65,66,50,61,49
8167626e-1949-49c0-be96-dd634a816ed7,뉴올리언스 펠리컨스,예레마이아 피어스,PG,20,188,82,7.52,4,Healthy,91,70,94,88,49,75,85,85,80,73,79,77,77,76,78,65,70,84,40,41,79,85,78,88,92,79,65,38,62,55,63,45,62,60,60,39,54
8240e656-dccb-447e-802d-025d7c931478,골든스테이트 워리어스,팻 스펜서,PG,29,191,93,0.67,1,Healthy,81,75,75,75,54,83,85,85,84,64,93,81,81,81,88,80,75,70,75,42,59,85,79,79,75,79,76,44,44,45,66,32,45,47,40,49,51
82fdfbfa-0e2d-42c1-811a-bdf646a9445f,토론토 랩터스,자코비 월터,SG,21,196,88,3.63,3,Healthy,83,70,90,82,57,76,88,85,80,92,78,81,81,81,77,70,50,79,68,50,45,80,69,70,79,69,32,47,66,54,80,42,59,55,50,47,46
842b349e-e749-4768-b005-c96a779866c1,LA 클리퍼스,브룩 로페즈,C,37,216,127,8.75,2,Healthy,83,70,25,60,89,60,92,85,79,82,85,81,81,81,81,75,35,54,65,76,40,85,35,35,25,70,33,80,45,25,38,89,80,78,80,37,63
844bd929-cd13-4103-94b7-9697402dcedb,토론토 랩터스,조나단 목보,PF,24,203,102,1.95,2,Healthy,84,75,91,79,68,75,88,85,80,60,53,70,70,70,70,75,50,80,75,50,55,64,66,70,69,67,52,64,64,60,56,66,67,68,60,67,67
85549782-0647-498c-a68c-b024105a170e,피닉스 선즈,콜린 길레스피,PG,26,185,88,2.29,1,Healthy,82,75,82,82,33,72,85,80,80,97,79,86,86,86,86,85,90,83,54,46,67,75,82,79,82,84,72,33,62,55,76,51,60,58,55,45,55
8558f1da-84da-4d37-b8a6-1be8fff56d2a,애틀랜타 호크스,루크 케너드,SG,29,196,93,11,1,Healthy,80,60,69,68,40,60,92,70,80,97,96,87,88,88,93,65,50,70,50,32,49,80,74,75,66,74,57,35,51,35,49,27,50,50,40,36,47
85fb1ff0-eea3-4900-bc98-d3a312ca0a05,밀워키 벅스,제리코 심스,C,27,208,111,2.46,2,Healthy,80,50,80,80,65,83,85,90,80,60,69,26,26,26,52,50,40,64,89,60,40,80,30,35,34,32,31,66,40,35,33,51,66,55,40,71,74
862cb4fe-1afa-4d0e-b543-26eb4178b86e,휴스턴 로케츠,리드 셰퍼드,PG,21,191,84,10.6,3,Healthy,83,75,90,89,56,87,93,95,80,90,82,85,86,84,78,70,75,79,35,40,62,90,79,79,84,79,67,54,78,61,93,62,70,77,70,32,51
8642ca11-0708-4e8b-ab2c-0673dc934f9c,뉴욕 닉스,마일스 맥브라이드,PG,25,188,91,4.33,2,Healthy,82,90,86,86,44,80,85,85,80,55,85,87,87,87,85,80,75,80,45,48,55,80,72,88,80,72,44,40,81,56,41,45,78,74,75,38,45
86d7a739-ecea-454b-8836-89be6e38f1c6,미네소타 팀버울브스,루디 고베어,C,33,216,117,35,3,Healthy,91,80,48,65,87,57,90,95,81,95,54,25,25,25,53,75,40,57,85,65,70,85,68,35,25,58,34,90,64,45,36,82,95,74,95,90,85
87b0083a-0036-4043-a448-26318134eb83,보스턴 셀틱스,데릭 화이트,SG,31,193,86,28.1,4,Healthy,88,70,88,93,46,75,85,95,81,83,97,80,80,80,87,75,70,87,55,35,70,90,88,86,87,82,70,58,91,85,59,82,92,78,95,37,53
881c2745-3a3a-498d-bf7a-1de37ada626c,새크라멘토 킹스,더그 맥더못,SF,34,201,102,2.29,1,Healthy,80,30,59,60,60,67,81,67,83,85,78,85,85,85,76,60,50,79,60,62,60,75,65,67,47,65,27,52,58,50,32,42,63,50,40,30,48
89250317-eca7-4c0b-88db-dc0c8342dce9,오클라호마시티 썬더,셰이 길저스-알렉산더,PG,27,198,88,38.3,6,Healthy,99,90,86,86,62,85,98,90,80,98,98,85,85,85,89,90,98,97,70,72,98,98,97,95,85,98,86,69,86,83,75,60,89,95,85,33,57
89592ed6-f65d-49d7-8f47-2fc010514c4f,멤피스 그리즐리스,산티 알다마,PF,24,211,102,18.4,3,Healthy,84,70,59,60,70,59,80,80,79,92,86,77,78,77,68,80,75,79,65,72,50,95,70,68,55,70,63,67,66,40,46,62,74,68,65,54,75
89d2b78a-5312-4c9f-a992-32979c5eca8f,인디애나 페이서스,앤드류 넴하드,PG,26,191,87,18.1,3,Healthy,84,85,76,88,46,71,85,69,80,92,76,82,82,82,82,85,60,80,54,47,41,75,80,79,74,80,79,68,88,78,42,32,85,84,85,31,43
8a52418d-1435-46de-bce7-0cc35a4ba89d,포틀랜드 트레일블레이저스,스쿳 헨더슨,PG,21,191,88,10.75,2,Injured,88,65,90,89,53,90,95,80,80,76,77,77,77,77,77,70,75,83,80,44,40,95,79,86,90,77,74,41,66,54,56,42,65,67,50,40,47
8a84be90-0110-48bf-8199-673dd85bc20c,덴버 너게츠,애런 고든,PF,30,203,107,22.8,4,Healthy,83,80,71,84,72,92,95,95,84,73,77,87,87,87,85,75,75,88,94,74,85,95,65,62,66,60,33,80,84,80,43,45,84,82,80,50,65
8af0eb13-3a50-486f-b6e8-4711787c54df,미네소타 팀버울브스,제일런 클락,SG,24,196,93,2.19,1,Healthy,84,50,79,86,55,77,85,85,79,87,67,74,74,74,64,60,50,73,60,44,39,70,62,69,76,60,29,52,81,74,87,51,82,80,75,62,42
8b6d1c25-38ac-47b7-a96e-3ea6894c0501,샌안토니오 스퍼스,조던 맥러플린,PG,29,183,84,2.29,1,Healthy,79,50,72,74,52,74,80,70,83,73,74,86,85,85,75,85,55,84,40,25,49,70,83,84,70,80,62,25,73,30,86,25,52,74,60,35,53
8c1553d7-e208-4caf-8ad2-f09136f252ba,댈러스 매버릭스,클레이 탐슨,SG,35,198,100,16.6,2,Healthy,80,85,71,75,62,67,91,80,94,85,72,86,89,88,68,85,80,67,65,64,30,85,57,67,71,57,36,60,75,72,36,51,70,48,70,32,51
8ca965ae-3ded-41a3-9377-98a7b2bb76e5,덴버 너게츠,데이론 홈즈 II,PF,23,208,107,3.21,3,Healthy,80,65,75,69,60,64,88,80,80,77,76,75,75,75,70,65,65,68,75,68,50,80,49,60,59,50,41,76,63,55,59,73,72,62,55,41,58
8d39c015-c2e8-43cb-97e4-d243932bf481,디트로이트 피스톤즈,자본테 그린,SF,32,196,93,2.29,1,Healthy,80,40,72,74,46,85,80,75,82,82,70,78,78,78,78,60,50,79,67,52,60,95,60,72,69,68,31,74,77,70,83,57,74,80,75,47,53
8d7a807c-f720-4af5-987f-4057f26226cb,포틀랜드 트레일블레이저스,케일럽 러브,SG,24,193,91,0.67,1,Healthy,81,85,83,75,51,74,82,70,80,65,88,75,75,75,74,80,80,79,55,25,67,73,70,76,81,70,62,34,65,55,38,37,58,57,40,40,51
8d926c58-612b-4424-b6d4-3b0cbaec702a,토론토 랩터스,오차이 악바지,SG,25,196,98,6.38,1,Healthy,80,75,85,79,64,85,90,85,80,79,83,66,66,66,86,75,50,78,80,52,40,78,60,75,78,60,32,57,78,65,43,2,77,75,65,48,52
8e94455b-9e71-4263-8429-022651808850,LA 레이커스,닉 스미스 주니어,SG,21,196,84,0.67,1,Healthy,83,65,84,84,48,86,89,75,80,96,74,83,83,83,91,70,65,82,60,38,41,80,70,79,84,72,42,33,63,50,43,42,57,50,40,29,41
8eb7e40c-31e8-4fd3-8cd1-99106d695475,워싱턴 위저즈,코리 키스퍼트,SF,26,198,100,13.97,4,Healthy,82,50,76,76,60,69,84,80,80,95,89,85,85,85,77,65,60,70,60,39,42,75,66,71,66,69,45,54,70,55,32,42,69,67,65,33,52
8f2a9204-4532-45af-8ab1-2898d8e777cc,멤피스 그리즐리스,크리스찬 콜로코,C,25,213,104,0.67,1,Healthy,79,60,72,72,59,75,80,80,80,59,60,29,29,30,63,75,35,74,75,51,50,70,37,42,44,52,29,75,37,21,78,84,75,50,70,52,57
8f5baa81-1f6f-4775-be82-d54d514b8773,멤피스 그리즐리스,자본 스몰,PG,23,188,84,0.67,1,Healthy,80,40,87,85,49,89,85,70,80,75,76,73,70,70,88,50,40,75,65,32,50,80,75,79,84,75,62,44,64,50,70,25,60,57,40,30,39
900344b0-c426-40c0-ad80-a25542d549b6,골든스테이트 워리어스,구이 산토스,SF,23,203,95,2.21,1,Healthy,80,85,73,72,50,74,80,60,86,97,69,76,76,76,68,70,50,72,65,57,45,69,57,62,69,55,41,66,69,67,49,52,70,57,50,67,66
91048b8a-35b1-4466-8d5d-190ee4d1549a,샬럿 호네츠,그랜트 윌리엄스,PF,27,198,107,13.6,2,Healthy,81,50,58,70,73,66,88,80,80,81,73,80,80,80,84,70,45,77,60,59,37,80,69,66,54,72,43,68,68,72,56,67,69,60,60,45,64
9191bbec-ddea-4d9d-98d1-b2aee4993b7d,브루클린 네츠,캠 토마스,SG,23,193,95,5.99,1,Healthy,85,90,75,77,54,79,86,75,80,97,85,82,82,82,86,60,95,89,75,39,70,74,59,82,70,52,68,41,59,44,37,30,51,52,40,32,39
92ac5fe8-129b-4a78-a2f4-ac5e509a9c35,포틀랜드 트레일블레이저스,마티스 타이불,SF,28,196,91,11.5,1,Healthy,81,60,76,85,59,70,85,90,80,79,48,81,80,80,68,50,25,74,60,30,25,70,55,65,69,35,48,60,85,88,98,63,85,97,85,46,63
92fb961c-b900-4174-b6c2-093236f17638,디트로이트 피스톤즈,제일런 듀렌,C,22,208,113,6.48,1,Healthy,89,75,73,68,81,84,89,85,80,98,83,35,35,35,72,80,85,85,95,80,44,70,59,59,59,50,38,88,62,72,46,71,89,88,85,92,94
936d9684-4adb-4cab-a8bb-ca8a4441847c,덴버 너게츠,스펜서 존스,SF,24,201,102,0.67,1,Healthy,81,90,67,64,50,68,80,95,80,90,72,84,84,86,64,70,70,74,65,45,59,88,54,68,60,57,30,57,64,65,63,56,64,57,50,58,44
93a1b4cd-1365-481a-9eae-a5a18adc09aa,새크라멘토 킹스,막심 레이노,C,22,216,113,1.27,3,Healthy,81,85,67,52,63,66,80,85,80,97,80,76,76,76,71,85,75,68,70,69,69,80,50,52,44,54,33,59,32,30,36,61,55,52,45,67,82
93c883a8-e67e-4329-bf0f-2391494b4c45,골든스테이트 워리어스,퀸텐 포스트,C,25,213,111,1.95,1,Healthy,82,70,47,33,70,40,80,70,80,97,80,77,78,78,82,80,70,69,65,65,52,80,59,43,32,60,44,62,33,30,43,66,60,45,50,56,71
93cb3630-01e1-41b4-a0b3-146ec40a8b28,밀워키 벅스,개리 트렌트 주니어,SG,27,196,95,3.63,2,Healthy,82,75,85,76,58,90,80,70,82,72,88,81,81,81,81,60,55,80,55,46,54,73,70,79,77,71,35,50,61,45,42,30,60,64,35,27,38
95f97920-77d9-4e62-8a4c-d9843b2117fe,새크라멘토 킹스,닉 클리포드,SF,23,198,90,3.11,4,Healthy,82,70,86,82,62,80,88,80,80,79,74,73,73,73,71,70,65,75,65,49,60,80,65,74,79,64,40,55,66,45,49,51,62,60,55,45,60
96d24749-9c32-4c5d-8ed3-9affe4b859fb,뉴욕 닉스,파콤 다디엣,SF,20,203,94,2.84,3,Healthy,79,50,78,76,50,65,85,80,80,70,76,75,75,75,75,50,40,72,60,37,40,90,57,75,70,58,34,50,60,50,50,50,65,52,50,25,71
97344a91-b643-4748-9069-7e0f644fdbbc,클리블랜드 캐벌리어스,에반 모블리,PF,24,211,98,46.4,5,Healthy,96,70,72,79,74,81,90,90,80,70,55,76,76,76,64,70,60,78,85,83,67,85,69,60,66,74,66,96,82,75,41,85,95,85,95,65,79
97529f01-3676-4de7-b639-0a1b6a0b2a15,골든스테이트 워리어스,조너선 쿠밍가,PF,23,201,102,22.5,2,Healthy,84,30,84,84,73,90,88,80,80,88,70,75,75,75,74,70,75,89,85,50,79,85,69,67,75,68,63,73,73,70,33,50,70,69,50,57,78
97b38647-2ccd-4d9e-8e67-e6125a9a8e40,보스턴 셀틱스,앤퍼니 사이몬스,SG,26,190,82,27.6,1,Healthy,83,80,86,89,41,90,92,90,80,97,76,82,82,82,90,70,75,89,89,48,68,95,75,86,79,79,55,48,59,40,38,37,50,55,40,35,46
9977599d-755b-4917-a085-b5c12334c545,덴버 너게츠,지크 나지,PF,24,206,109,8.17,3,Healthy,80,65,77,77,70,82,80,89,83,71,76,70,70,70,62,55,45,77,74,67,69,77,33,37,52,42,29,72,54,45,59,87,57,42,50,45,63
998c9dcc-bbbb-417c-bf9e-5fb30088b722,포틀랜드 트레일블레이저스,두옵 리스,C,29,211,111,2.22,1,Healthy,78,75,59,52,73,75,83,90,80,85,68,83,83,83,80,75,75,68,60,55,68,74,40,52,46,44,35,62,37,35,41,67,68,50,45,69,52
9aa04127-aced-4da3-a894-ca8be8aa445b,뉴올리언스 펠리컨스,조던 풀,SG,26,193,88,31.8,2,Healthy,85,65,81,79,61,73,80,65,80,85,78,76,78,82,91,70,80,88,55,44,78,80,83,89,80,82,69,47,40,57,38,56,54,51,31,30,41
9ae0637c-cead-4036-b25d-af9bc308db2f,뉴욕 닉스,미첼 로빈슨,C,27,213,109,12.9,11,Healthy,83,50,48,65,84,76,80,85,60,75,68,32,32,32,39,70,35,66,80,50,41,80,70,40,25,54,34,83,49,40,73,88,87,65,80,98,84
9c1459a6-bb1d-43cc-8434-ae0505b8f7cf,워싱턴 위저즈,윌 라일리,SF,19,203,84,3.51,4,Healthy,83,60,82,65,45,67,85,75,80,91,70,74,74,74,80,70,50,75,70,35,44,90,66,70,74,68,53,50,62,55,43,50,60,44,45,56,48
9c54523b-e50f-4c99-8422-e2d3a9f84222,새크라멘토 킹스,데니스 슈뢰더,PG,32,185,78,14.1,3,Healthy,82,60,84,88,46,74,93,90,80,86,85,79,80,80,84,70,70,84,30,38,37,85,82,86,84,82,75,34,73,55,42,40,72,67,60,36,54
9d235e37-da68-47cc-a381-76f8acc4380e,덴버 너게츠,자말 머레이,PG,28,193,98,46.4,4,Healthy,89,85,80,80,54,80,95,85,78,95,90,90,90,90,89,80,90,93,72,74,75,84,84,89,79,85,75,35,77,55,41,45,74,70,70,31,57
9d5b96b7-55e0-46ba-9762-6bfa5e155cf3,휴스턴 로케츠,제프 그린,PF,39,203,107,2.29,1,Healthy,78,50,63,75,70,84,89,85,82,88,75,76,75,72,82,50,50,79,70,72,51,85,65,74,50,64,33,69,70,60,32,62,68,54,60,41,49
9e1bc205-d420-4b52-89f6-a06cd9f4722d,덴버 너게츠,커티스 존스,SG,23,196,86,0.67,1,Healthy,80,50,76,80,49,75,85,81,80,76,77,79,78,78,84,50,50,76,55,26,50,76,69,70,74,67,40,25,60,40,52,32,57,60,50,32,52
9e3f6219-d507-41d4-8b10-7b4d74ef5871,애틀랜타 호크스,온예카 오콩우,C,25,203,108,15,3,Healthy,84,85,74,74,70,75,88,95,83,92,88,79,79,79,78,80,80,86,85,57,75,80,51,54,60,50,57,79,64,55,43,68,83,65,65,55,78
9f246193-0fc9-4ecb-86cd-ef42414bc96d,샬럿 호네츠,마일스 브리지스,PF,27,201,102,25,2,Healthy,86,25,75,76,84,85,93,80,85,83,67,76,76,78,84,98,95,86,88,84,89,95,69,76,71,74,65,60,59,55,35,55,62,68,45,40,71
9f6268be-80a7-49d6-b208-44c3dcef45c9,시카고 불스,잭 콜린스,C,28,211,113,18.1,1,Healthy,80,75,66,65,60,79,75,75,80,89,79,80,80,80,70,70,50,70,70,83,50,75,30,40,38,30,44,68,45,40,31,58,67,67,40,68,82
a002ec9a-5f2a-4a99-a042-c61aca7a3bcf,새크라멘토 킹스,러셀 웨스트브룩,PG,37,191,91,2.29,1,Healthy,89,85,89,89,75,92,92,95,92,91,60,77,77,75,69,60,90,87,75,65,65,85,80,86,89,82,83,42,74,45,73,40,70,55,70,56,75
a1155b37-2c78-4258-b5c1-c633881ae861,클리블랜드 캐벌리어스,토마스 브라이언트,C,28,208,112,2.29,1,Healthy,80,55,62,57,80,52,88,95,82,95,85,75,75,75,83,55,45,70,65,73,37,78,40,53,53,42,32,63,40,40,40,73,79,50,45,67,80
a1d3254a-59a3-4613-9ad4-1b6697a69b7a,샌안토니오 스퍼스,딜런 하퍼,PG,20,196,93,12.37,4,Healthy,95,80,88,89,52,83,90,85,80,77,70,73,73,73,72,80,75,88,85,45,69,95,75,90,86,75,72,52,70,65,73,42,70,68,65,47,54
a2032b64-245a-422b-8931-bf300eff2e5a,새크라멘토 킹스,다리오 사리치,PF,31,208,102,5.42,1,Healthy,80,40,63,69,65,60,82,86,81,82,71,70,70,70,83,50,50,74,70,81,50,92,75,69,57,84,38,80,66,45,63,25,80,55,75,62,76
a212d8dd-c5a7-4c09-ac14-a3840911b02c,마이애미 히트,뱀 아데바요,C,28,206,115,37.1,4,Healthy,89,60,74,84,85,83,92,90,90,90,91,75,75,75,76,70,70,84,85,82,60,90,72,69,66,74,43,90,88,85,43,65,94,80,95,52,87
a2cbda87-b130-41d2-a491-772aae8d43f3,뉴욕 닉스,아리엘 헉포티,C,23,213,115,1.95,1,Healthy,78,75,47,37,68,68,80,95,82,63,57,47,47,47,61,70,35,59,75,52,50,75,43,45,40,44,36,74,37,35,38,90,57,40,45,87,75
a3cd388d-ebb3-414a-b8d1-045c75b95bb8,휴스턴 로케츠,클린트 카펠라,C,31,208,109,6.7,3,Healthy,85,40,58,51,82,68,78,75,83,78,50,25,25,25,50,70,30,70,80,64,34,70,34,48,30,35,30,83,47,35,73,87,86,74,80,96,78
a60ff7b8-d669-40a5-acad-c14de0154950,디트로이트 피스톤즈,로날드 홀란드 II,SF,20,203,91,8.65,3,Healthy,82,75,85,86,59,80,90,85,80,90,79,68,68,68,80,70,50,85,70,42,74,80,60,75,75,60,38,65,70,65,97,51,67,65,55,52,67
a6a496b7-a72e-436d-8179-850672e4e17e,LA 클리퍼스,이비차 주바치,C,28,213,109,18.1,3,Healthy,88,50,43,63,90,75,80,85,80,97,76,26,25,25,71,65,75,83,80,92,55,80,70,35,35,47,49,92,63,45,33,68,90,67,95,84,89
a6f950ea-b296-44b9-9c12-906f7966cd1f,휴스턴 로케츠,제이션 테이트,SF,30,193,104,2.29,1,Healthy,80,30,69,70,65,75,89,95,80,94,70,76,74,75,69,50,40,84,75,69,54,85,70,74,62,72,38,70,70,70,70,42,68,69,54,65,55
a86aab2d-4bd9-4a97-b0b0-7fbe8c5a28b9,덴버 너게츠,페이튼 왓슨,SF,23,203,91,4.35,1,Healthy,83,85,77,80,55,82,88,75,80,76,90,79,79,79,75,75,75,74,72,40,40,95,60,70,76,62,33,78,78,84,49,71,80,78,80,46,51
a877a7b3-a554-4364-ade3-b80ec14c1c07,오클라호마시티 썬더,루겐츠 도트,SG,26,193,100,18.2,2,Healthy,83,50,79,94,70,87,92,94,80,40,89,77,77,77,75,50,40,74,65,44,40,85,67,72,76,68,29,75,94,87,75,61,90,88,90,42,50
a9e6f996-87f6-4ef8-844f-6b16491bd693,보스턴 셀틱스,니미아스 퀘타,C,26,213,111,2.34,2,Healthy,80,75,59,59,79,65,80,95,80,98,69,50,50,50,60,75,55,75,70,62,50,85,52,38,30,62,35,76,45,40,46,86,70,48,65,85,80
ad7f3136-654f-4270-b66f-0fe9339b9a6c,애틀랜타 호크스,케일럽 휴스탄,SF,23,203,93,0.67,1,Healthy,80,70,78,82,40,72,86,70,80,74,76,83,83,85,84,70,45,70,25,32,44,80,62,70,72,65,30,47,80,65,40,40,78,68,80,36,44
ad920fdd-13e3-4174-a449-d1f5a16b50ab,시카고 불스,제일런 스미스,PF,25,208,98,9,2,Healthy,80,70,69,68,65,86,82,70,80,78,72,80,80,80,78,65,65,69,85,71,47,80,29,38,49,40,41,70,48,37,37,80,73,44,45,81,86
ad9f6695-7e4a-41ac-b800-959c40786471,뉴욕 닉스,칼-앤서니 타운스,C,30,211,112,53.1,3,Healthy,92,95,76,76,87,70,98,90,82,90,59,84,84,84,88,90,90,82,85,92,88,98,60,65,66,79,48,71,50,48,41,60,79,55,65,69,91
ada02914-d579-464c-be81-fb52ff617f5d,오클라호마시티 썬더,브랜던 칼슨,C,26,213,98,0.67,1,Healthy,78,85,35,30,60,57,85,70,80,85,72,82,82,82,71,85,65,47,60,65,68,85,47,37,27,47,36,52,30,35,36,82,57,39,35,56,72
adabbcad-be6d-4550-8e95-5106e58a94fb,토론토 랩터스,RJ 배럿,SG,25,198,97,27.7,2,Healthy,92,55,84,84,76,82,95,80,80,95,80,80,80,80,71,80,80,88,70,79,80,85,79,83,82,84,67,58,81,65,41,47,79,74,75,38,65
adf97333-03c7-457f-b798-326d3b2f1fd3,애틀랜타 호크스,다이슨 다니엘스,SG,23,201,90,7.71,5,Healthy,88,50,79,93,52,75,89,85,80,88,68,52,52,50,61,70,50,84,60,47,51,85,77,78,79,77,71,67,94,88,92,52,87,95,90,60,60
ae04bbba-d2c0-4be4-b5fe-88377bf57466,덴버 너게츠,줄리안 스트로더,SF,23,201,93,2.67,2,Healthy,83,70,63,70,53,64,90,75,80,85,55,73,74,73,77,75,60,79,70,40,62,95,64,74,57,65,34,44,74,61,41,50,68,68,65,29,59
ae2f08ef-3f00-412a-8863-1f78d066304d,휴스턴 로케츠,아멘 탐슨,PG,23,201,95,9.69,2,Healthy,88,75,95,93,59,99,95,85,80,86,71,65,65,65,80,75,60,83,87,44,44,95,80,86,90,80,70,78,93,87,67,53,92,90,95,72,70
aea69207-7e35-49b4-a4b2-3f26e2e44137,LA 레이커스,루이 하치무라,SF,27,203,104,18.2,1,Healthy,83,70,72,74,79,80,90,85,80,90,93,86,86,86,75,75,75,79,80,72,50,85,51,72,67,54,28,60,54,50,35,40,59,50,35,39,51
af874479-ecc7-4543-97c8-55eca1a3364a,댈러스 매버릭스,케일럽 마틴,SF,30,196,93,9.59,3,Healthy,75,40,68,74,58,74,85,90,80,72,71,75,76,75,63,65,40,84,70,54,48,75,62,69,59,69,41,68,75,72,53,58,74,72,70,52,51
b05a7a29-aced-4bef-b3eb-763318af0f62,피닉스 선즈,자마리 부예야,PG,26,188,82,0.67,1,Healthy,78,70,83,83,41,70,85,85,82,96,76,85,85,85,72,75,75,76,45,31,40,75,75,76,83,70,66,42,68,50,63,63,65,67,50,44,54
b0aac608-1b64-4309-b444-4aed82a7286f,새크라멘토 킹스,더마 드로잔,SF,36,198,100,24.6,2,Healthy,88,50,82,80,73,88,88,80,91,98,85,78,78,78,88,70,85,85,80,87,50,85,73,83,80,75,66,58,64,61,59,42,64,59,55,33,50
b0fe4b2a-ed84-4982-8463-760273231d35,피닉스 선즈,닉 리차즈,C,28,211,111,5,1,Healthy,81,40,72,70,65,75,81,85,84,82,79,25,25,25,68,50,35,62,75,47,40,80,37,35,49,36,31,75,47,40,32,81,78,40,70,90,85
b10672bf-f187-4bfc-ba2f-ac5a2ec4053b,토론토 랩터스,A.J. 로슨,SG,25,198,81,0.67,1,Healthy,78,50,74,79,34,80,85,80,80,75,68,76,76,76,66,85,65,80,70,55,54,75,69,69,69,64,34,48,60,45,41,53,60,65,50,46,62
b136c843-7482-4481-86d7-ba6bb90a8b5e,필라델피아 세븐티식서스,에릭 고든,SG,37,191,98,2.29,1,Healthy,80,60,79,79,60,82,92,85,78,77,80,85,85,85,75,60,40,75,55,50,60,94,69,79,78,73,43,42,73,45,46,56,73,68,50,30,39
b18d4f7a-c500-4dcf-a8e3-9db0a136238c,미네소타 팀버울브스,나즈 리드,C,26,206,109,21.6,5,Healthy,85,60,50,54,87,75,88,95,80,96,79,80,80,80,81,50,80,75,75,82,75,94,59,58,49,65,51,78,54,50,46,68,80,65,75,48,78
b1b36010-6438-4e8d-bf8e-a648a1c90f10,필라델피아 세븐티식서스,조엘 엠비드,C,31,213,127,55.2,4,Healthy,96,50,60,59,96,60,70,65,58,97,85,70,70,70,83,70,90,84,80,96,90,90,74,57,57,82,70,84,68,35,38,78,83,64,80,58,90
b1cd5f84-fed8-4e2f-b84f-8dbc68eded36,피닉스 선즈,조던 굿윈,PG,27,191,91,2.34,1,Healthy,80,85,75,76,49,55,80,85,80,79,72,80,80,80,78,75,65,78,35,43,66,80,78,78,68,78,54,47,71,55,96,42,70,65,70,69,61
b1e3e539-1309-430e-9f27-3907d59d3925,멤피스 그리즐리스,올리비에-막생 프로스퍼,PF,23,203,104,0.67,1,Healthy,84,80,79,81,60,88,88,85,80,86,68,73,74,70,93,60,40,68,85,47,58,80,65,60,66,61,37,67,74,66,66,50,64,58,60,57,61
b2135c93-7f20-4e8d-880c-4fc26ee9a486,밀워키 벅스,안드레 잭슨 주니어,SG,24,198,95,2.21,2,Healthy,80,30,84,82,50,87,90,80,80,75,68,81,81,81,70,60,30,67,87,40,37,80,65,65,74,60,41,53,75,55,46,55,75,74,70,60,56
b30fbf7e-00ec-49ca-bd0f-c7526ede87a9,시카고 불스,줄리안 필립스,SF,22,203,90,2.21,2,Healthy,78,50,73,78,40,80,85,85,80,81,68,75,75,75,77,70,50,70,70,55,55,80,60,66,67,57,29,55,68,55,46,55,67,68,65,63,41
b36c0e24-942b-4f44-aa4a-eeb62045f01b,포틀랜드 트레일블레이저스,양 한센,C,20,218,115,4.42,4,Healthy,85,60,47,37,65,55,85,75,80,70,66,68,68,68,67,60,50,60,70,70,50,68,67,32,32,69,48,69,40,35,36,66,67,61,45,71,67
b3fe3ae1-d35d-4883-8ab4-4d14bd40c22e,LA 클리퍼스,코비 브라운,PF,25,201,113,2.65,2,Healthy,83,60,62,74,66,88,85,80,91,72,65,65,65,65,85,50,60,79,65,64,50,80,69,70,57,70,35,62,62,50,43,53,60,57,45,70,82
b432e38e-8253-4c26-871c-1efedb20d8de,필라델피아 세븐티식서스,자레드 맥케인,PG,21,191,89,4.22,3,Healthy,87,75,76,76,52,68,85,80,80,62,69,76,76,76,88,70,70,82,50,38,60,85,73,86,75,73,49,45,63,50,70,30,60,60,55,29,62
b44ce09e-7813-4e80-9c7a-03c0ce887ec2,LA 레이커스,디안드레 에이튼,C,27,213,113,8.1,2,Healthy,84,60,75,65,85,82,75,50,81,98,92,63,63,63,60,70,60,97,75,82,41,82,53,61,55,70,29,76,49,42,42,72,75,65,70,73,82
b473c5ff-fa02-4586-a97c-9e7de65295e3,올랜도 매직,타이어스 존스,PG,29,185,88,7,1,Healthy,84,70,71,71,34,57,92,87,84,89,71,74,74,74,89,70,40,89,30,35,70,78,84,86,69,88,67,30,67,55,59,35,60,80,50,30,41
b4943c87-324e-42b6-925e-9600cc0fb957,LA 클리퍼스,조던 밀러,SF,25,198,88,0.67,1,Healthy,80,70,84,78,52,81,85,70,80,81,70,79,79,79,86,75,60,70,80,58,40,65,60,69,72,62,43,54,65,50,37,58,60,40,45,67,60
b52e53c7-a6a1-4578-999c-b1ced1484c25,보스턴 셀틱스,샘 하우저,SF,27,201,98,10.1,4,Healthy,80,85,61,62,66,62,85,88,80,89,75,82,82,82,89,85,70,60,60,45,55,95,50,43,55,60,33,48,55,45,40,55,52,44,45,41,62
b54869b9-e7d1-4c7a-8e6d-c4ca9bd127e7,마이애미 히트,노먼 파웰,SF,32,193,98,20.5,1,Healthy,89,80,79,80,46,80,92,90,82,97,91,86,86,86,87,80,90,87,60,28,65,88,74,79,77,75,50,50,79,50,59,42,77,74,75,31,53
b72c6d00-edaf-4ca0-8e15-4dc08c2f1257,토론토 랩터스,그레이디 딕,SF,22,203,93,4.99,2,Healthy,83,50,76,74,54,78,89,85,80,58,85,74,74,74,84,80,50,74,65,40,66,80,67,75,74,65,31,55,73,48,66,42,69,73,55,40,51
b788af47-b9e8-40e8-9fda-d017e10c9d1f,올랜도 매직,올랜도 로빈슨,C,25,208,107,0.67,1,Healthy,78,60,49,49,70,64,80,90,77,75,69,76,76,76,80,70,35,70,60,58,38,85,52,40,35,54,55,62,36,25,38,61,60,54,50,80,71
b860957d-2e67-4753-812c-17db1c0dbbb9,유타 재즈,유서프 너키치,C,31,213,132,19.4,1,Healthy,84,75,51,49,90,50,86,75,72,97,88,76,76,76,53,60,50,68,70,77,70,85,60,40,25,82,72,71,45,40,73,53,79,60,70,73,92
b9c0e639-4b4f-4b9f-ba12-b8473c5c1170,샌안토니오 스퍼스,데빈 바셀,SG,25,196,91,27,4,Healthy,83,60,72,80,60,77,89,85,82,80,94,81,82,82,87,50,75,82,60,65,44,80,76,82,65,79,41,62,80,68,42,52,81,85,80,33,55
ba0f42e5-c30f-4a95-8c43-354cf31f07df,뉴욕 닉스,제일런 브런슨,PG,28,188,86,34.9,4,Healthy,95,80,84,84,60,75,98,95,81,96,89,86,86,86,84,90,95,98,40,50,98,98,96,95,84,98,75,55,73,55,38,30,72,70,75,34,46
bbfa3c02-3bbb-4e80-aae3-8db15fc3195a,애틀랜타 호크스,제일런 존슨,PF,24,206,100,30,5,Healthy,89,95,76,76,68,82,85,80,80,94,85,81,83,82,81,85,95,88,85,78,85,80,84,79,74,88,82,66,66,45,53,51,60,57,50,47,89
bd723aa2-5e52-49ad-a6e6-dbac700b20b6,오클라호마시티 썬더,알렉스 카루소,SG,31,196,84,18.1,4,Healthy,86,40,92,94,31,72,85,85,81,83,82,74,74,74,80,50,35,75,75,38,40,85,75,78,82,75,56,51,93,94,98,58,90,92,95,43,59
be0da8de-416e-4e7a-b21d-5e76ba71a681,뉴올리언스 펠리컨스,조던 호킨스,SG,23,196,88,4.74,2,Healthy,83,75,70,72,48,67,89,80,80,48,70,74,75,74,83,70,60,75,50,44,55,80,70,74,68,71,33,45,65,65,32,25,67,64,50,38,56
bf55ff9f-c7d4-497c-860c-384946156353,멤피스 그리즐리스,세드릭 카워드,SG,23,196,91,5.71,4,Healthy,87,90,88,84,57,83,95,85,80,97,80,76,75,76,85,80,75,84,80,42,45,80,68,73,79,68,63,58,73,64,37,51,71,68,55,57,75
c1499e47-bc4b-48c3-a2ac-e7816dd4ab8c,LA 레이커스,자레드 밴더빌트,PF,26,203,97,11.5,3,Healthy,80,30,75,83,70,80,75,95,78,79,69,78,78,78,74,50,30,75,75,50,40,85,60,65,65,38,37,83,83,80,66,57,82,88,80,76,79
c2a0b08f-34ba-4666-b54f-4af8be512e91,애틀랜타 호크스,크리스탑스 포르징기스,C,30,221,109,30.7,1,Healthy,89,60,66,65,74,78,80,70,77,93,94,80,80,82,84,75,80,79,80,82,47,85,50,68,56,40,70,75,56,35,37,87,74,60,55,65,64
c325fd88-604e-4be7-98ae-463521fa2ab8,댈러스 매버릭스,데렉 라이블리,C,21,216,104,5.25,2,Injured,87,50,50,57,70,67,80,95,65,97,55,47,45,45,62,80,50,82,83,59,40,90,69,52,40,68,61,83,57,61,38,90,80,54,80,78,80
c3a5bd2d-2369-4ffe-9dd5-e05047da7483,인디애나 페이서스,오비 토핀,PF,27,206,100,14,3,Healthy,82,95,70,69,74,90,88,70,88,98,53,80,80,80,79,70,60,88,85,69,60,90,55,60,56,59,44,66,48,45,42,56,62,47,40,45,72
c3b41a32-73ff-4cdf-9a3e-c0de5dbfaf27,미네소타 팀버울브스,요안 베린저,C,19,211,105,4.2,4,Healthy,85,50,56,67,65,80,85,90,80,69,45,26,26,26,57,60,40,70,80,55,40,80,49,47,41,47,31,73,40,40,35,80,66,55,40,69,70
c4d8f17f-7168-4075-9f19-9fc7652bbea5,골든스테이트 워리어스,버디 힐드,SG,33,193,100,9.21,3,Healthy,83,80,75,78,41,78,90,60,82,94,56,82,82,82,78,65,35,75,65,48,59,94,70,79,74,70,50,48,69,55,66,35,54,60,50,45,51
c5a604be-471e-40b1-9615-ce255118204b,댈러스 매버릭스,쿠퍼 플래그,PF,18,206,93,13.8,4,Healthy,89,85,83,85,71,80,87,82,84,91,75,76,78,77,81,85,85,87,82,60,79,90,70,76,75,70,67,81,83,75,49,58,82,75,80,42,65
c5f4f47d-4967-423f-9764-de9145816332,클리블랜드 캐벌리어스,샘 메릴,SG,29,193,93,8.48,4,Healthy,80,85,62,68,52,60,80,60,79,78,78,88,88,88,87,85,85,64,45,48,55,80,74,76,60,79,51,42,68,55,40,40,62,62,55,38,41
c64311f8-d440-4572-828c-1a785a0a26fd,토론토 랩터스,산드로 마무켈라쉬빌리,PF,26,208,109,2.46,2,Healthy,80,95,59,59,73,69,85,85,80,81,69,82,82,82,78,80,70,69,65,63,53,85,62,59,49,69,48,65,50,50,46,68,68,52,45,65,69
c645be82-f607-4224-9b6b-a5892923cee3,LA 레이커스,달튼 크넥트,SF,24,198,97,4,3,Healthy,82,60,86,59,50,77,90,85,80,91,91,82,82,82,75,70,55,78,65,49,44,85,64,68,74,65,28,59,50,30,42,63,58,57,35,42,51
c68b3074-c140-4cd1-bfd1-026cb3044269,마이애미 히트,니콜라 요비치,PF,22,208,95,4.45,5,Healthy,85,95,68,68,44,72,85,70,80,84,70,75,75,75,79,85,75,83,55,44,62,90,69,70,67,68,70,59,62,55,46,57,60,57,47,40,69
c6957023-14d3-4503-b471-c0eac5b636b4,애틀랜타 호크스,레이제이 데이비스,PG,24,188,88,0.67,1,Healthy,76,70,79,80,42,75,85,80,80,72,74,75,75,75,73,70,55,73,40,33,47,84,75,74,79,75,73,44,67,45,68,35,62,55,45,32,44
c7af9fa4-2679-46ac-bf85-65b6d813f25a,마이애미 히트,타일러 히로,SG,26,196,88,31,2,Healthy,89,80,79,78,59,72,85,70,80,98,85,84,84,84,92,85,95,92,50,40,82,95,79,83,74,84,42,46,68,40,42,53,65,60,50,33,61
c822e795-9c4d-47f5-85d4-3012894f2f00,올랜도 매직,프란츠 바그너,SF,24,208,100,38.6,5,Healthy,90,85,70,73,65,75,85,85,80,86,83,80,80,80,82,80,95,93,80,59,95,95,80,85,68,84,65,56,73,70,49,50,74,73,70,48,64
c8a1819e-b947-4f49-81c7-dd0f0096dcaf,인디애나 페이서스,재러스 워커,PF,22,203,109,6.66,2,Healthy,82,70,81,81,80,90,90,80,80,73,72,76,76,76,79,75,65,78,75,57,40,80,69,62,70,68,43,67,62,55,37,52,60,62,60,34,71
c91524ce-5459-409a-b69d-ed74617ec6fc,LA 레이커스,드류 티미,C,25,208,107,0.67,1,Healthy,79,70,48,40,68,66,80,75,81,86,75,75,75,75,79,70,30,68,65,68,40,80,58,52,40,70,47,57,40,50,46,45,58,47,30,66,66
c95b4e49-7e49-49fc-9cd3-5907f6719582,올랜도 매직,트리스탄 다 실바,PF,24,206,100,3.81,3,Healthy,86,60,85,67,62,67,90,85,80,90,63,80,80,80,81,85,60,79,65,67,45,90,64,69,59,68,33,64,64,55,43,45,58,57,50,42,61
c981891f-5ca7-44e5-9d30-b0d75cef02fe,LA 레이커스,막시 클레버,PF,34,208,109,11,1,Healthy,81,50,45,77,79,56,85,80,80,71,70,66,66,66,76,60,35,73,75,64,40,80,70,64,45,68,35,80,77,65,33,63,75,75,75,47,54
c9a7d107-8582-43a3-858e-d65e9930c305,휴스턴 로케츠,자바리 스미스 주니어,PF,22,211,100,12.35,6,Healthy,88,80,76,76,60,75,89,85,80,95,74,84,82,80,80,72,82,75,80,76,54,85,65,75,69,66,34,70,69,72,37,61,67,67,55,50,69
c9dc1502-1160-4335-a3c8-6303e44a7de7,미네소타 팀버울브스,제이든 맥다니엘스,SF,25,206,84,24.4,4,Healthy,83,60,79,91,60,80,85,85,90,93,77,85,85,85,87,70,50,84,70,54,37,85,44,78,70,40,47,83,90,86,46,65,88,88,90,45,53
caa16d86-00b9-4628-859a-15dbb3dedbe1,워싱턴 위저즈,트리스탄 부키체비치,C,22,213,104,0.67,1,Healthy,80,60,57,55,72,65,89,80,80,97,91,60,60,60,78,70,60,73,70,69,48,78,45,51,50,55,60,59,44,40,41,74,57,37,45,50,66
ccbe4fdc-0665-47e1-8ce2-40190df2095e,보스턴 셀틱스,맥스 슐가,SG,23,193,89,0.67,1,Healthy,79,60,75,72,52,67,80,60,80,74,77,80,80,80,78,50,50,74,45,48,55,80,75,75,74,75,54,42,60,45,75,28,57,54,50,41,47
ccc0df45-e725-4b0e-b64c-7c3b1a3d80eb,토론토 랩터스,스카티 반스,PF,24,201,102,38.6,5,Healthy,94,98,82,82,74,92,88,95,80,88,85,80,80,80,84,95,95,86,80,62,86,95,77,79,77,80,71,80,80,75,59,82,80,78,85,62,77
ccf6d551-959f-4e39-adf3-06c453bcad57,필라델피아 세븐티식서스,타이리스 맥시,PG,25,188,91,37.9,4,Healthy,93,98,90,90,44,80,98,95,77,85,84,88,88,88,88,98,98,94,55,47,84,98,80,89,90,82,75,54,79,65,74,60,69,68,65,28,55
cd2032a1-c283-432e-9be1-074150f9b8d3,유타 재즈,카일 앤더슨,PF,32,206,104,9.21,2,Healthy,80,50,66,80,62,66,85,64,83,97,48,79,79,79,77,60,45,79,45,41,49,70,78,81,65,79,70,60,79,65,63,66,78,75,75,55,67
cd2387d9-8934-43cc-bb23-52e7733816b3,샌안토니오 스퍼스,비스맥 비욤보,C,33,203,116,2.29,1,Healthy,78,37,48,55,80,63,79,95,83,92,62,25,25,25,51,40,30,60,80,54,39,75,25,35,25,74,35,82,50,35,46,82,85,84,70,65,81
cd376bee-227c-43cf-bed2-e390b10ffe41,댈러스 매버릭스,RJ 넴하드 주니어,PG,26,196,91,0.67,1,Healthy,75,75,80,79,37,68,85,85,80,91,94,83,81,83,77,75,65,79,30,35,35,85,89,86,80,89,80,31,66,45,32,25,57,75,45,37,43
ce7bfc77-b5fe-4171-a9c0-1efe6a3f5e2c,뉴올리언스 펠리컨스,카를로 맛코비치,C,24,211,110,1.95,1,Healthy,80,50,56,51,77,67,80,80,80,85,69,78,76,77,80,70,65,77,75,68,44,75,50,55,47,52,38,73,40,41,37,87,66,54,50,61,82
cf0ee65d-92b5-4213-a823-50dffe6f5dfe,미네소타 팀버울브스,롭 딜링엄,PG,21,188,74,6.57,3,Healthy,88,70,91,86,39,85,90,85,80,62,48,77,77,77,73,65,50,77,65,37,49,90,69,90,91,68,75,34,63,47,56,25,57,58,50,34,46
d0bb5302-3bba-4ee7-beca-96b2d528a344,샬럿 호네츠,PJ 홀,C,23,208,111,0.67,1,Healthy,82,60,73,52,70,82,87,80,80,75,73,74,74,74,78,50,65,68,75,60,69,70,48,60,59,52,37,55,47,50,50,60,55,57,40,89,77
d0edc5e7-fa1d-4d58-a81f-c6752f46f9d3,밀워키 벅스,콜 앤서니,PG,25,188,84,2.29,1,Healthy,82,45,84,84,59,77,88,85,98,88,89,75,75,75,59,65,60,79,70,44,62,80,77,84,84,78,82,45,69,45,56,57,55,52,45,42,66
d0eff031-568d-41cb-9797-1122417e3062,휴스턴 로케츠,알페렌 센군,C,23,211,110,34,5,Healthy,92,98,52,64,86,69,88,90,84,97,79,75,76,72,73,98,98,87,80,89,79,95,79,62,48,84,74,72,63,47,63,66,69,85,65,69,75
d13a4574-7798-420e-bd00-ed455fee9470,올랜도 매직,모리츠 와그너,C,28,211,111,5,1,Healthy,84,35,73,67,78,75,78,85,81,96,78,80,80,80,72,60,80,75,65,74,40,70,54,40,53,55,53,58,40,25,66,62,58,54,35,65,85
d20a702c-774d-4d3d-b5b1-187c9721444d,브루클린 네츠,대니 울프,C,21,213,115,2.8,4,Healthy,84,75,47,52,60,57,90,85,80,67,76,78,78,78,85,75,65,74,70,67,68,95,69,69,47,75,60,58,55,45,41,42,52,50,45,47,73
d3d2b875-5b35-4028-8d17-fed4ca434c3b,뉴올리언스 펠리컨스,케본 루니,C,29,206,100,8,2,Healthy,80,40,58,69,74,63,85,96,84,74,44,69,65,65,55,50,35,70,70,55,38,66,55,61,48,66,55,72,46,46,59,70,74,64,65,94,77
d48fb938-3548-46cd-b061-ccf6ef30e364,피닉스 선즈,라이언 던,SF,22,203,98,2.65,3,Healthy,83,60,83,88,65,79,88,90,80,72,73,74,74,74,68,60,50,75,80,37,30,80,60,69,69,55,41,76,80,80,76,66,80,80,80,67,67
d4a2efc3-a49e-42d1-9efb-06ca4b376a2a,LA 클리퍼스,니콜라스 바툼,PF,37,203,104,5.6,2,Healthy,80,60,68,75,65,82,88,85,83,77,70,84,84,84,77,70,35,74,60,62,35,85,70,71,68,73,30,66,73,55,59,60,68,50,65,38,54
d68c895c-4ef3-4192-bd27-9482f86cc08d,골든스테이트 워리어스,드레이먼드 그린,PF,35,198,104,25.8,2,Healthy,89,30,73,84,85,66,85,90,88,87,84,80,80,80,66,30,25,70,65,51,30,80,80,78,69,84,75,93,88,94,67,67,95,84,95,40,79
d6c8305c-db1a-4c8f-af1b-229af794fb37,올랜도 매직,제일런 석스,PG,24,196,93,35,5,Healthy,88,55,88,92,59,90,88,85,80,97,94,79,80,80,86,70,65,82,75,70,55,84,78,80,88,77,74,55,91,85,97,58,84,82,85,41,57
d71d22d0-a304-4c6a-b74e-81b7530faa1c,오클라호마시티 썬더,케이슨 월러스,SG,22,193,88,5.82,2,Healthy,85,50,75,91,55,72,90,85,80,65,78,80,80,80,80,65,45,85,45,37,37,95,75,78,75,75,40,72,89,92,98,47,89,88,90,41,46
d72e9408-eea2-47b6-8041-9bfd18df76fd,필라델피아 세븐티식서스,도미닉 발로우,PF,22,206,100,0.67,1,Healthy,80,85,68,68,62,75,80,85,80,93,77,67,67,67,79,85,70,79,75,62,62,85,51,69,64,52,37,59,55,40,49,68,59,49,50,66,60
d7756a95-61a4-44db-8ffa-9155ef70522e,멤피스 그리즐리스,GG 잭슨,PF,20,206,95,2.22,2,Healthy,85,45,82,79,62,82,88,60,80,91,70,70,70,70,71,60,55,71,65,59,49,95,59,62,80,50,33,58,58,45,76,72,70,69,40,38,70
d840cc88-b299-46d3-b8cb-051f630191f3,덴버 너게츠,요나스 발렌슈나스,C,33,211,120,10.3,2,Healthy,83,45,49,48,91,54,90,80,81,98,88,63,63,63,77,70,70,80,78,84,65,80,36,35,33,65,55,69,40,40,35,81,60,47,45,80,88
d84fb704-d705-4d74-8ae6-d81f1c262e91,오클라호마시티 썬더,애런 위긴스,SF,27,198,91,10.1,4,Healthy,82,60,84,84,45,72,80,65,80,84,73,83,83,83,71,80,80,80,70,52,62,76,68,70,75,68,40,48,59,55,38,63,57,52,55,41,50
d8bb31aa-374b-481e-96c0-38900067e233,브루클린 네츠,이고르 디오민,PG,19,203,86,6.88,4,Healthy,88,70,70,75,60,74,88,90,80,92,64,81,81,81,89,70,75,85,65,55,57,90,84,86,70,85,70,47,65,54,53,51,60,67,60,35,61
d8bcef8d-ddf0-435b-8201-350f806aa55f,밀워키 벅스,케빈 포터 주니어,PG,25,193,92,5.13,2,Healthy,85,60,85,75,52,75,88,80,80,82,92,83,83,83,86,70,85,85,70,44,84,80,82,82,83,83,79,44,69,70,96,50,64,75,55,36,62
da259a90-c744-40f6-8110-edfab1b4236c,댈러스 매버릭스,드와이트 파웰,C,34,208,109,4,1,Healthy,76,30,71,58,80,67,90,95,83,92,69,78,75,75,65,30,45,70,70,77,83,90,55,60,44,64,50,74,45,31,46,73,68,74,65,69,54
db5a2fd3-4c21-42fb-877a-89c8a0a2e8ea,휴스턴 로케츠,도리안 핀니-스미스,PF,32,201,100,12.7,4,Healthy,80,70,67,82,62,83,80,80,81,80,71,83,82,85,64,70,65,84,80,58,58,72,65,60,44,68,32,72,83,85,43,51,74,74,75,47,62
db9462ab-97be-4e9e-8402-1bf637dfe4d1,뉴올리언스 펠리컨스,호세 알바라도,PG,27,183,81,4.5,2,Healthy,79,50,76,86,42,78,80,79,80,87,78,80,80,80,83,60,60,70,30,30,40,85,70,73,75,71,69,31,50,85,85,37,85,85,85,34,55
dbf74aab-bb84-44c1-b34a-88b43ba4af9c,포틀랜드 트레일블레이저스,로버트 윌리엄스 III,C,28,206,108,13.3,1,Healthy,84,25,71,64,83,75,80,90,81,98,69,25,25,25,81,50,35,82,80,65,37,75,57,48,38,62,36,83,40,40,46,93,88,85,85,90,90
dc1f69ff-eccb-4436-8f44-4327e9b48179,클리블랜드 캐벌리어스,타이리스 프록터,PG,21,196,84,1.27,4,Healthy,83,50,82,81,51,77,85,85,80,74,87,75,75,75,83,50,70,77,45,52,37,90,79,80,82,77,54,42,60,55,48,27,54,57,45,32,45
dc55472e-22c9-4500-87dc-71af2c86ca3d,디트로이트 피스톤즈,아이재아 스튜어트,C,24,203,113,15,3,Healthy,82,75,63,71,89,70,81,85,77,89,82,80,80,80,73,65,70,76,72,75,50,70,44,34,52,50,33,84,67,40,31,96,84,42,80,67,68
dd6a9a12-0994-4552-a02f-530bf678a341,피닉스 선즈,그레이슨 알렌,SF,30,193,89,16.87,3,Healthy,83,60,84,78,44,81,85,80,82,79,79,87,87,87,80,70,65,79,65,42,49,78,68,78,79,70,67,35,72,65,80,42,70,74,45,34,46
dd820ef3-bdf4-4cea-b3ce-922804644597,멤피스 그리즐리스,켄타비우스 칼드웰-포프,SG,32,196,93,21.6,2,Healthy,82,40,85,84,60,69,92,85,84,88,82,80,84,80,93,50,40,74,73,35,40,90,67,70,80,68,69,45,87,85,53,47,82,82,85,34,49
de0acf8b-5b1a-4882-8bfc-7eddcca0485f,샌안토니오 스퍼스,린디 워터스 III,SG,28,198,95,2.29,1,Healthy,78,60,60,69,33,67,83,70,80,90,85,79,79,79,80,75,75,70,35,34,65,70,69,69,50,67,37,53,67,55,46,55,62,62,40,37,60
de556d5e-182c-4513-b6b6-ca86af5c90b1,포틀랜드 트레일블레이저스,즈루 홀리데이,PG,35,193,93,32.4,3,Healthy,88,40,79,90,49,68,80,92,80,97,83,80,80,80,84,60,50,85,65,40,40,98,80,79,79,80,80,66,90,90,80,42,89,93,90,45,60
dedce5d8-a78d-48bc-9f60-3e06048ce472,브루클린 네츠,자이어 윌리엄스,SF,23,206,84,6.25,2,Healthy,81,65,87,87,40,82,90,80,80,88,68,74,74,74,87,65,50,75,75,58,50,75,50,79,82,54,29,60,73,50,73,62,70,74,70,40,49
df0bf4d0-6219-4fad-8e7c-c8059bad53ff,샬럿 호네츠,무사 디아바테,C,23,208,95,2.27,2,Healthy,84,70,73,73,60,78,80,95,80,85,72,67,67,67,67,60,50,68,80,57,57,65,42,40,66,52,34,65,41,35,49,73,65,50,55,95,79
dfcd5d65-39eb-4722-b6b6-fbf013932e90,덴버 너게츠,팀 하더웨이 주니어,SG,33,196,93,2.29,1,Healthy,83,80,68,75,55,78,85,83,83,97,96,86,87,86,88,85,85,86,70,38,70,71,75,78,68,84,33,45,70,55,35,32,63,58,40,30,46
e0d2ca1d-a80a-422d-9890-aa757aa74e81,LA 클리퍼스,크리스 던,SG,31,191,93,5.4,2,Healthy,82,60,83,87,56,83,85,90,84,97,84,82,82,82,72,70,45,70,55,42,44,80,72,78,82,74,62,40,87,85,86,40,88,88,85,44,47
e1a7512b-20d8-4fb7-b549-ccc8d253c5bf,휴스턴 로케츠,JD 데이비슨,PG,23,191,88,0.67,1,Healthy,78,60,85,85,54,84,88,45,80,70,73,71,73,71,73,50,50,72,85,38,40,80,72,86,84,75,72,25,56,25,69,61,55,54,45,36,55
e1babfd1-4e4a-4fd5-81a8-a5847ac47681,토론토 랩터스,콜린 머레이-보일스,PF,20,201,104,6.33,4,Healthy,85,75,83,86,70,75,85,95,80,68,70,84,84,84,57,70,55,78,70,65,67,70,67,74,74,70,41,72,74,70,53,67,70,68,65,84,54
e1e1dfa2-c02f-4f30-997e-7313c38fd750,필라델피아 세븐티식서스,켈리 우브레 주니어,SF,30,201,92,8.38,1,Healthy,83,50,72,82,58,95,90,75,84,95,85,77,77,77,79,70,70,84,84,52,70,88,73,74,69,75,30,49,74,56,43,62,70,75,55,43,56
e275a852-40a9-4c3c-900d-6c2c9d6b405d,피닉스 선즈,딜런 브룩스,PF,29,198,102,21.1,2,Healthy,84,85,75,88,65,75,88,95,85,96,79,77,77,78,84,75,85,74,60,58,69,85,59,70,69,58,36,77,90,82,76,30,90,90,90,37,47
e299a810-c950-4dfb-b9a9-cac42ac0e972,유타 재즈,테일러 헨드릭스,PF,22,206,100,6.12,2,Healthy,84,40,72,75,62,78,92,85,80,94,78,81,81,81,77,70,45,82,75,54,42,85,55,69,69,62,32,68,68,74,42,56,67,62,50,62,65
e390b1d2-c114-473f-923c-20750797db18,포틀랜드 트레일블레이저스,도노반 클링언,C,21,218,127,7.17,3,Healthy,89,95,44,45,78,60,82,75,80,97,70,77,77,77,64,85,70,69,85,69,59,75,55,46,38,62,39,82,49,45,36,89,82,58,80,95,86
e4f898f2-7058-4df8-9215-dd1bfaea9118,멤피스 그리즐리스,타이 제롬,PG,28,196,88,8.78,3,Injured,80,50,69,73,46,62,85,68,80,98,94,86,89,86,89,80,90,88,40,38,48,80,84,86,68,84,71,32,56,35,86,27,62,48,35,45,48
e508e637-a636-4bb5-be12-1c3adbba3d07,워싱턴 위저즈,크리스 미들턴,PF,34,201,100,33.3,1,Healthy,88,50,71,74,73,66,75,80,90,73,98,77,77,77,80,60,50,82,65,74,40,85,74,75,71,74,67,67,74,72,43,51,74,70,70,43,58
e5344850-74fc-47e3-87d6-35ec49293de9,LA 클리퍼스,존 콜린스,PF,28,206,102,26.5,1,Healthy,84,75,71,65,75,85,92,85,84,97,69,80,80,80,84,60,40,83,90,76,40,80,58,60,50,58,30,70,49,45,49,66,70,38,50,55,63
e5a4e2f6-c8ae-459b-a3e2-c0eb148bf138,휴스턴 로케츠,애런 홀리데이,PG,29,183,84,2.29,1,Healthy,79,60,76,77,49,56,85,85,84,92,89,84,85,84,86,70,65,79,60,32,47,80,82,86,76,82,37,34,68,55,42,50,67,69,45,29,40
e62965de-1107-438b-bbbe-5aa0d83864bd,밀워키 벅스,아미르 커피,SF,28,201,95,2.29,1,Healthy,80,40,75,75,52,75,80,70,79,88,89,84,84,84,91,60,40,84,75,54,49,81,72,75,75,74,32,47,64,45,37,37,68,64,50,42,45
e6a9e774-a3b4-48e8-958a-2c3941487a2b,댈러스 매버릭스,다니엘 개포드,C,27,208,106,14.4,4,Healthy,86,50,75,70,73,80,75,89,71,87,65,29,25,25,78,70,40,75,85,67,40,70,37,35,44,37,32,84,57,49,59,87,83,50,80,68,79
e6fd9879-2a92-4029-847c-a6df1dfd9197,마이애미 히트,데이비온 미첼,PG,27,183,92,11.6,2,Healthy,87,50,82,88,60,70,90,95,80,98,75,83,83,83,64,65,50,79,40,30,30,95,75,86,82,78,80,44,87,80,56,35,85,82,85,31,43
e81f57a9-100a-47a5-897c-359a6220142a,애틀랜타 호크스,키튼 월러스,PG,26,191,84,0.67,1,Healthy,80,60,80,79,49,72,88,70,84,84,65,85,85,85,83,70,65,77,45,30,40,85,70,72,76,74,72,44,70,65,76,47,70,68,70,26,55
e8956175-92ea-47a8-a70d-6584f48c04e3,필라델피아 세븐티식서스,아뎀 보나,C,22,208,110,1.95,3,Healthy,80,70,82,68,73,89,84,90,80,75,57,54,54,54,65,70,40,72,80,55,37,70,40,52,57,40,26,70,37,40,37,94,72,50,60,75,62
e91c0542-9a32-4e07-9396-60041ec2d0dc,올랜도 매직,고가 비타제,C,26,211,113,8.33,2,Healthy,84,50,53,37,88,63,80,75,80,98,72,69,69,69,77,70,40,50,65,76,40,70,54,60,52,69,43,78,25,25,63,90,80,40,80,81,78
e95c1e3c-d467-44b3-b40d-845ad3eb39c3,브루클린 네츠,드레이크 파웰,SF,19,198,90,3.37,4,Healthy,83,50,86,87,54,95,85,90,80,95,71,80,80,80,90,50,40,74,80,44,50,80,69,70,75,69,56,54,75,53,45,54,70,70,65,30,47
ea4a2145-3609-4e95-992b-a0842fc86ec7,새크라멘토 킹스,딜런 카드웰,C,24,211,113,0.67,1,Healthy,80,50,51,62,82,80,80,90,80,77,60,37,35,35,55,30,50,74,85,52,37,70,58,44,33,62,32,75,44,65,75,89,70,58,60,77,74
ea880b24-3004-4f41-af9d-5bc147a8769d,밀워키 벅스,토린 프린스,PF,31,198,99,3.3,2,Injured,80,50,80,78,60,84,84,85,81,73,80,86,86,86,83,70,50,76,70,51,55,85,68,70,69,55,38,64,74,63,53,40,68,81,60,34,55
ead08e89-8199-469a-b0bf-7e1c14a3a90e,워싱턴 위저즈,마빈 베글리 III,PF,26,208,107,2.29,1,Healthy,82,70,73,74,80,86,85,80,87,95,78,70,70,70,70,60,65,78,75,78,50,70,47,62,64,60,48,58,49,45,40,71,60,65,40,86,66
eb8aa4ef-5fb3-4911-94e4-e9febdb14e31,토론토 랩터스,제이미슨 배틀,SF,24,201,102,1.95,2,Healthy,80,50,64,58,55,65,80,70,80,85,85,86,86,86,83,54,70,70,60,50,49,80,52,62,57,51,52,58,58,45,33,47,52,54,50,44,59
ec1fc876-5363-428d-b890-cc50d68eb07e,골든스테이트 워리어스,디앤서니 멜튼,SG,27,188,91,3.08,2,Healthy,80,70,76,81,44,75,80,85,83,68,60,70,70,70,81,65,60,77,70,48,49,95,74,79,74,74,57,48,82,75,94,63,82,82,80,45,50
ec63abcb-37b2-4f9a-9a20-566c92be8b42,뉴올리언스 펠리컨스,데릭 퀸,C,20,208,110,5.15,4,Healthy,86,70,54,54,80,62,85,80,80,88,69,67,65,66,77,85,85,82,66,78,75,90,79,69,52,82,71,69,52,34,56,75,68,62,60,57,83
ec7ee7f6-e09e-456d-a9f5-070683f3f16a,시카고 불스,코비 화이트,SG,25,196,88,12.9,1,Healthy,87,75,85,85,56,81,90,85,80,80,75,75,75,75,80,80,80,90,65,48,84,95,79,87,84,84,72,49,65,60,38,25,66,64,55,31,51
ecb5431a-4bf3-47fc-936e-901aed216278,마이애미 히트,펠레 라르손,SG,24,196,95,1.95,2,Healthy,84,85,87,80,55,79,85,85,80,82,79,79,79,79,76,85,75,74,60,42,59,80,64,68,74,68,69,52,65,55,41,47,60,57,50,38,49
ed5203db-f8ac-4b25-b620-e326c4db26cd,토론토 랩터스,브랜던 잉그램,SF,28,203,86,38.1,3,Healthy,91,75,74,74,42,77,95,80,85,91,95,78,78,78,82,75,95,90,70,70,74,98,75,85,70,75,64,54,69,50,38,58,58,68,40,37,67
edd0286d-b193-40b9-8d94-f8113c7517b1,브루클린 네츠,마이클 포터 주니어,SF,27,208,99,38.3,2,Healthy,87,90,80,81,68,88,88,80,66,90,77,87,87,87,83,80,95,92,80,68,55,80,65,78,77,62,69,60,64,60,41,40,60,68,40,47,83
eefeeadc-289a-47bb-b358-8f7efaf771dd,뉴욕 닉스,모하메드 디아와라,SF,20,201,92,1.27,1,Healthy,80,70,74,69,69,84,85,85,80,72,67,78,78,78,55,70,60,72,80,59,59,85,54,57,60,54,37,64,60,55,55,40,65,50,50,43,66
efadb903-86cb-4183-b8aa-7fc22a452496,피닉스 선즈,마크 윌리엄스,C,24,213,110,6.27,1,Healthy,83,80,65,64,86,75,75,88,57,97,60,36,35,36,79,85,85,77,80,60,55,85,44,35,32,64,32,75,44,30,73,74,74,60,60,90,85
efdf7511-9457-421d-bfa0-ebf56123a6e8,오클라호마시티 썬더,니콜라 토피치,PG,20,198,92,5.18,3,Healthy,84,60,79,76,59,69,85,75,80,81,69,72,72,72,87,60,60,81,55,40,55,85,81,86,79,81,76,45,63,55,44,47,60,52,45,32,47
f04126ee-531a-4d92-bf81-aee46e41ab0e,워싱턴 위저즈,빌랄 쿨리발리,SF,21,203,88,7.27,2,Healthy,88,90,82,85,63,85,92,80,80,78,51,70,70,70,77,75,60,84,85,50,50,80,69,72,64,72,50,67,80,75,76,73,78,78,78,43,63
f1dae7d9-9e83-40a1-953f-fb0936ea2d1f,샬럿 호네츠,조쉬 그린,SG,25,196,91,13.6,2,Healthy,84,70,86,86,60,80,89,90,83,81,69,84,84,84,67,50,30,75,65,35,44,95,67,70,72,65,40,35,79,68,66,25,79,78,75,53,41
f2360a9c-1177-4d7b-8f21-42c6d38bcab5,뉴올리언스 펠리컨스,디존테 머레이,PG,29,196,82,30.8,3,Injured,90,70,83,85,40,60,90,90,80,85,71,79,82,82,82,70,75,90,65,49,61,95,82,86,83,82,81,53,78,83,87,51,80,81,80,33,77
f262d412-319a-4caf-b0ed-fa4a87f23bd5,디트로이트 피스톤즈,토바이어스 해리스,PF,33,203,103,26.6,1,Healthy,83,65,75,67,73,79,97,73,82,97,89,80,80,80,85,60,70,82,72,86,68,95,77,79,56,78,47,59,58,53,38,47,66,64,60,46,51
f2954d16-9a1c-4da6-86e4-8076ece0494e,뉴올리언스 펠리컨스,사디크 베이,SF,26,201,98,6.11,2,Healthy,82,85,63,72,69,70,81,90,81,97,67,76,78,78,81,90,80,84,60,42,84,84,64,76,57,75,42,64,69,69,43,30,67,65,65,55,65
f2d3cbca-5e06-4057-be42-b8bfdf3ff9bf,미네소타 팀버울브스,줄리어스 랜들,PF,31,203,113,30.9,3,Healthy,93,95,73,76,87,69,95,90,84,94,79,76,76,76,82,90,95,92,80,86,92,85,74,80,68,84,73,77,73,70,46,35,73,52,75,52,68
f2d75690-b59c-4861-9dc8-48e0a5c4030c,LA 레이커스,루카 돈치치,PG,26,201,104,45.9,4,Healthy,98,95,84,77,72,79,90,98,85,98,88,86,88,88,83,98,98,96,75,87,98,98,95,95,83,95,95,58,58,30,59,55,60,57,45,38,82
f2fb07f2-e5a6-4ec7-b99b-a6a14d1da67d,클리블랜드 캐벌리어스,론조 볼,PG,28,198,86,10,2,Healthy,83,50,85,86,52,80,93,70,80,55,63,70,70,70,70,40,30,70,55,44,50,84,83,86,85,83,72,60,81,71,86,51,80,80,75,46,64
f358a89d-d4f3-4a53-acff-2f3511b9bfda,마이애미 히트,드루 스미스,PG,28,191,91,2.37,3,Healthy,79,85,70,70,43,62,85,75,80,75,74,75,75,75,82,80,70,82,45,40,60,80,78,79,70,78,68,40,63,40,95,56,65,98,50,48,50
f3a0260e-8078-41c2-af8e-81fa82eb7aef,밀워키 벅스,개리 해리스,SG,31,193,95,3.63,2,Healthy,80,30,75,80,53,78,85,80,83,87,79,85,85,85,79,50,35,78,45,47,60,75,75,76,70,75,35,68,80,55,56,50,80,55,80,35,46
f513dcef-3079-465e-ad18-7a18c3b7ec26,필라델피아 세븐티식서스,자바리 워커,PF,23,206,98,0.67,1,Healthy,80,50,75,75,46,79,80,70,80,64,70,71,71,71,74,60,40,72,75,65,40,80,52,60,71,54,31,68,60,40,32,58,67,65,60,74,70
f5149516-65f9-4f81-bbae-cb8482a51274,골든스테이트 워리어스,세스 커리,SG,35,185,84,0.67,1,Injured,81,50,78,78,41,68,89,80,80,70,95,89,89,89,80,70,70,85,36,30,35,69,75,78,77,75,37,25,57,30,40,42,54,55,35,37,47
f5c8424f-dc78-40c7-b110-2730cbcb7854,새크라멘토 킹스,키온 엘리스,SG,25,191,79,2.31,1,Healthy,83,70,81,84,48,79,85,80,80,88,85,79,79,76,61,60,50,75,45,38,54,78,64,74,77,65,30,58,84,81,96,66,82,80,80,35,41
f64559a1-8a6b-45ba-95ba-0e78b9ebf01b,클리블랜드 캐벌리어스,도노반 미첼,SG,29,191,98,46.4,3,Healthy,94,90,95,90,60,97,96,95,80,98,97,82,82,82,84,90,98,95,92,44,90,98,84,90,86,84,73,68,75,55,63,45,79,79,75,38,56
f70acf7c-467c-4285-bdf0-ac0ba8491809,멤피스 그리즐리스,제일런 웰스,SF,22,201,93,1.95,3,Healthy,80,60,86,80,60,67,85,85,80,91,93,77,77,75,80,60,45,78,70,42,55,80,62,75,70,64,38,51,80,74,46,32,78,75,75,41,50
f76e274c-f2d3-4354-ae81-a48d4288365a,덴버 너게츠,브루스 브라운,SG,29,193,92,2.29,1,Healthy,82,85,78,78,75,80,92,80,84,67,60,74,74,74,77,85,70,75,60,42,60,95,79,79,76,87,42,58,77,60,59,47,79,75,65,52,60
f78575e7-9f81-4c01-931e-113a300348a8,디트로이트 피스톤즈,제이든 아이비,PG,23,193,88,10.1,1,Healthy,85,60,88,91,54,85,92,85,80,96,82,81,81,81,81,60,65,85,70,44,62,90,79,86,87,78,61,58,71,55,53,61,70,69,65,41,51
f890be86-8199-4e5c-b28c-90b135e7c9e6,LA 클리퍼스,코비 샌더스,SG,23,196,91,0.67,1,Healthy,81,90,77,75,42,75,85,80,80,84,74,81,81,81,89,70,70,79,85,49,69,90,70,75,74,75,41,48,57,45,46,40,51,50,40,37,50
f8c0bc75-6ccb-41fe-b431-7f24fd491060,클리블랜드 캐벌리어스,딘 웨이드,SF,29,206,103,6.62,1,Healthy,80,70,62,75,60,83,80,85,79,78,70,75,75,75,73,85,65,78,75,60,44,70,38,60,43,55,37,50,77,60,43,56,74,68,65,44,64
f8f180ef-edfa-4d47-bc1d-9d50704c96a6,샌안토니오 스퍼스,데이비드 존스 가르시아,SF,23,198,95,0.67,1,Healthy,83,85,73,76,59,78,80,75,87,76,70,76,75,75,78,70,35,72,75,39,44,70,74,60,66,74,74,48,65,50,64,52,67,62,50,54,59
f95d6b35-c633-4f3d-80e4-2db3a69051f2,디트로이트 피스톤즈,던컨 로빈슨,SG,31,201,98,16.8,3,Healthy,81,85,59,65,35,72,85,75,83,97,81,82,82,82,78,85,85,75,60,35,54,90,66,72,56,70,37,50,52,50,41,50,50,50,30,30,48
fa836eff-5f47-4c9f-826d-5fe4ee94c860,시카고 불스,데일런 테리,SG,23,201,88,5.39,1,Healthy,80,70,76,76,58,69,85,85,80,77,72,68,68,68,69,65,55,77,55,42,54,85,76,80,74,78,49,43,69,55,63,53,69,70,65,56,52
fa9a470a-2b4f-437b-8685-a004fba323b0,미네소타 팀버울브스,로코 지카르스키,C,19,221,102,0.67,1,Healthy,80,65,48,30,65,54,80,70,80,70,50,39,39,39,62,60,50,57,70,60,54,66,50,37,29,50,30,68,52,35,48,74,62,44,50,70,70
fb793dfb-c3bb-453c-8962-532af5b3c34e,샌안토니오 스퍼스,스테폰 캐슬,PG,21,198,98,9.56,3,Healthy,88,80,82,93,59,72,90,90,80,95,94,70,71,72,73,85,85,88,82,39,84,85,79,83,80,80,78,64,75,83,75,45,77,75,80,45,60
fc8e844e-567e-4db2-99d3-c8b7806d4250,멤피스 그리즐리스,스카티 피펜 주니어,PG,24,185,82,2.27,3,Injured,82,80,82,82,39,79,82,75,80,88,57,83,85,83,71,80,75,82,65,36,50,72,85,86,82,85,73,31,62,55,90,56,54,55,50,45,56
fc97901c-66dc-4dde-be89-ffa708ac25df,샌안토니오 스퍼스,줄리안 샴페니,SF,24,201,98,3,2,Healthy,81,75,69,75,37,67,85,75,80,77,78,83,83,83,85,75,75,79,60,52,52,73,66,68,65,64,32,45,75,55,43,53,70,67,70,42,72
fca36790-92c5-4fd1-bc6d-2e2d7438d9d9,댈러스 매버릭스,카이리 어빙,PG,33,188,88,36.5,3,Injured,85,75,85,85,37,81,89,87,80,91,98,86,91,93,92,80,95,97,27,54,75,97,84,99,91,82,74,32,67,41,53,51,67,75,55,43,51
fd7d9cd2-4950-4c4c-9e02-3d3e3e10df97,토론토 랩터스,자말 샤히드,PG,23,185,91,1.95,2,Healthy,80,70,97,94,49,74,88,95,80,56,73,76,76,76,76,60,60,74,40,40,40,80,80,86,95,80,78,34,77,55,70,42,67,60,50,34,44
fe858f6b-7afe-4230-a4f8-f99954e1dc6f,밀워키 벅스,피트 낸스,PF,26,208,102,0.67,1,Healthy,79,30,63,57,69,75,85,85,83,73,70,84,84,84,76,50,35,70,75,60,40,70,47,52,49,50,35,60,48,41,50,61,60,60,40,64,70
ff5bc600-afad-4ea1-9fbb-6c517c413288,뉴욕 닉스,조던 클락슨,SG,33,191,88,2.29,1,Healthy,81,75,79,75,54,85,80,80,83,96,67,79,79,79,78,70,75,82,56,38,60,98,73,86,79,73,39,43,58,45,37,42,52,49,40,46,39
ff65e3d3-ce10-43ab-b5e8-62733ff4d1af,골든스테이트 워리어스,브랜딘 포지엠스키,SG,23,196,91,3.68,2,Healthy,84,85,82,82,54,78,89,85,80,85,85,84,84,84,75,80,60,87,60,55,60,85,69,80,81,68,67,45,63,50,53,40,62,72,45,38,64